"NUTS_ID","cropland","waterstress","population"
"AL011",0.555927276851211,1.40272408357491,105.582893385914
"AL012",0.63026394015042,2.04975727921051,295.371855428426
"AL013",0.309723352254595,0.301534288624123,100.939039730719
"AL014",0.437654382403375,1.97208542037358,117.822068151595
"AL015",0.354959996858435,0.909344159622599,60.6387809349491
"AL021",0.510399051519871,1.62727064189364,159.536570790182
"AL022",0.621682546089818,2.04975722830205,365.087077763517
"AL031",0.681121956669635,0.959914507651131,148.533518124272
"AL032",1,2.6954310035519,208.832774748902
"AL033",0.795478720065447,0.759445382310385,49.6928333903012
"AL034",0.495272782025779,0.945410442429115,62.9816178978713
"AL035",0.907952664077387,1.55705179150347,65.4917101996455
"AT111",0.792184530527122,0.0213951859467911,209.730565565704
"AT112",0.854784586366029,0.0196981863512139,243.016194056283
"AT113",0.904814705580036,0.0244804418490774,145.28874338321
"AT121",0.567191555238827,0.0438500615436276,130.4669808194
"AT122",0.163940407316747,0.0354734964540945,185.406298409207
"AT123",0.675519714291602,0.0438500556370894,246.021113446341
"AT124",0.591241514900503,0.187738943448737,92.1509754718115
"AT125",1,0.357021428470278,334.335254099337
"AT126",1,0.142875488854869,1164.44822463004
"AT127",0.867018446980925,0.0441773147972005,1194.87238949646
"AT130",0.221728068486796,0.0438500640890738,3065.90919001142
"AT211",0.23973847493972,0.0687668647045416,200.654690895715
"AT212",0.0483222639739126,0.116159221891153,67.09792692602
"AT213",0.238836972741438,0.0856016718451601,150.245616677998
"AT221",0.278676123051749,0.0847053686471274,445.991520437925
"AT222",0.0272251044871859,0.0458816641083994,50.8616279369958
"AT223",0.0239426609764605,0.0773751265323435,175.45776592137
"AT224",0.660893343394692,0.0423169890756557,212.705261486275
"AT225",0.434263499776345,0.092074203325392,252.799900547555
"AT226",0.0561781510755049,0.0967826054080027,74.2517566827274
"AT311",0.621967314141215,0.0467987979344635,195.961389940423
"AT312",0.868826044152686,0.0438500588628606,632.391063401109
"AT313",0.325025502482407,0.0625577574911066,261.406353534899
"AT314",0.179611839641532,0.0438500563562396,197.970991484791
"AT315",0.21459932401648,0.0443547563634622,176.584183237087
"AT321",0.0256825839589253,0.0818112620549907,52.7004153357921
"AT322",0.0236095366934339,0.0545254383762509,63.358121342425
"AT323",0.0332300490527852,0.0477034793400764,340.18353188429
"AT331",0.0475654297215004,0.154577957503679,71.393669334108
"AT332",0.0616024275476765,0.0900892132037956,153.765494545204
"AT333",0.0109433658428792,0.123723026887437,26.2133833469796
"AT334",0.0197591565418078,0.0831419948523964,46.3366185309295
"AT335",0.0233638411570462,0.0734166785302709,104.846713133823
"AT341",0.057063753628499,0.136692681931187,238.667029848085
"AT342",0.136213066139533,0.114107902663273,453.899394970114
"BE100",0.105841615816363,2.77624852091729,4363.56743798518
"BE211",0.524226463554438,1.85447365933107,1704.31946546638
"BE212",1,2.77624862733584,2049.78091631997
"BE213",0.949854595414184,2.40895875271181,1048.18514706873
"BE223",0.476103690721377,1.89404992857309,2441.05298709763
"BE224",0.898728274469436,2.6505223161033,1365.50742414909
"BE225",0.613397973164378,1.78869660093227,965.627733385733
"BE231",1,2.77624863421962,1672.91199560176
"BE232",1,2.79707702151115,2574.95163652694
"BE233",1,3.04947742420421,1377.31348342196
"BE234",1,2.88525595293928,997.862660374937
"BE235",1,2.77624863059658,1394.20550339606
"BE236",1,2.92393052731095,2323.95279632914
"BE241",1,2.77624842482439,3187.54730964433
"BE242",1,2.77624867189657,1067.31435547808
"BE251",1,2.99377283217648,581.669648377673
"BE252",1,1.90501422609814,902.109489769968
"BE253",1,2.42331794580786,1784.96214784693
"BE254",1,2.77624863176113,2949.41082020112
"BE255",1,2.57234527714557,539.320405759962
"BE256",1,2.68966289664439,3323.71582499085
"BE257",1,2.81343825847598,2556.22307542196
"BE258",1,1.46463608377802,582.381501690985
"BE310",1,2.68036885555253,1957.80182158586
"BE323",1,2.73578606392335,1059.8307263259
"BE328",1,2.76314696859897,2649.06976664061
"BE329",1,2.52469569666478,2219.45305563361
"BE32A",1,2.77624858121125,1323.65332503971
"BE32B",0.58973204172124,1.43948992759947,1508.2199512096
"BE32C",1,2.67073505576477,3538.15899390804
"BE32D",0.452711294199976,1.40093480136661,1107.8931307129
"BE331",0.410564424201893,1.07949872651573,647.897238105547
"BE332",0.0234277737839874,1.0794986995867,1537.07281019363
"BE334",0.209542256066777,1.72598481877037,1209.63662134705
"BE335",0.0332169787777969,1.0794986889221,1089.14878548574
"BE336",0.058192755456959,0.985010926986268,669.411009992001
"BE341",0.402069854313135,0.954228954241425,627.815261618498
"BE342",0.12768880948082,0.977526159749171,190.890159189039
"BE343",0.0651357081852737,1.0794986602718,79.0502237402439
"BE344",0.0762270566214145,1.0596318682581,157.892703275784
"BE345",0.0894297152496925,1.07949864535118,283.377495746922
"BE351",0.287890940772052,1.07949865403138,251.07398585895
"BE352",0.530834144006907,1.55090767017847,546.854599184464
"BE353",0.516704288654184,1.0794986602718,618.629098451095
"BG311",0.827478084768381,0.0903991949264919,54.4212887703517
"BG312",0.936635922211815,0.0521332059960213,41.501787446456
"BG313",1,0.0167164834310126,38.5103812151231
"BG314",1,0.0276584708408873,46.814338998058
"BG315",0.472386065105342,0.102243406314668,43.9949639077496
"BG321",0.927715753541606,0.0527427520284045,44.8738322027082
"BG322",0.413963766155853,0.0577742265605012,54.2281216307256
"BG323",1,0.0504579186474968,141.211316937825
"BG324",1,0.0533630199165044,59.8182251447684
"BG325",1,0.0673389032325587,77.5475348624881
"BG331",0.799770867570693,0.0284574923305386,122.470391303469
"BG332",1,0.0534891008988728,45.4137571579735
"BG333",0.803693249967248,0.0347557750578868,46.6364992292461
"BG334",0.972123765705454,0.0373592859928969,46.0597349893509
"BG341",0.565643296296501,0.0296687245699539,43.7370525302617
"BG342",0.670228379287376,0.191831591857462,48.3929363975323
"BG343",0.944299648731917,0.217367718759498,40.6791256695465
"BG344",0.726849311313336,0.448737330176802,52.6895173421342
"BG411",0.193654792033964,0.0870252600205008,490.073638606587
"BG412",0.295437256611206,0.367121539069122,142.857986195361
"BG413",0.291103703008821,1.09088008388462,33.4089685509801
"BG414",0.385681987485217,1.03002641267855,135.469275122478
"BG415",0.310569894016681,1.05317661423879,50.3836655460823
"BG421",0.66003444847188,1.08632673143229,115.673426860203
"BG422",0.751033499726978,0.460442346660009,49.4636467715545
"BG423",0.443747417894347,1.14834469594324,54.8851942776982
"BG424",0.0624123521803159,1.00585012141592,38.7410856841382
"BG425",0.496290316926407,0.735131486894528,49.193317930873
"CH011",0.595349696118764,0.121028877260397,520.941543253458
"CH012",0.0449864260776381,0.173710547203406,91.3438807773816
"CH013",0.726454859222818,0.159731695167539,1600.8756524926
"CH021",0.260223223715046,0.0724221297948976,355.347597517008
"CH022",0.509241657871568,0.0563476832467432,639.698416001205
"CH023",0.45658620556092,0.0838544220204137,1012.43575078283
"CH024",0.21196725704377,0.144939825857784,582.119102807997
"CH025",0.42262973325117,0.189728546759261,600.147687360123
"CH031",0,0.105061188817891,7573.02224152679
"CH032",0.427465167979377,0.101433202417272,1188.92262578862
"CH033",0.603197893254494,0.0796169130999066,1114.33087965094
"CH040",0.530806007746454,0.0898607533692804,1259.61231272096
"CH051",0.0499423809087074,0.062427019139396,516.262837591256
"CH052",0.743884136128605,0.114107906499293,1121.36974668481
"CH053",0.0255953450274065,0.114107902663273,1037.41132814207
"CH054",0.0481985149033503,0.114107904598791,1343.10433490753
"CH055",0.0949141087887983,0.0979683813195658,678.038466535936
"CH056",0.021549600305401,0.102508952035598,57.9091018000996
"CH057",0.51022684046649,0.114107910396088,721.917765417827
"CH061",0.280197024563172,0.0487117022035861,936.763071934159
"CH062",0.0256902690755522,0.0669769409008046,48.5921511823369
"CH063",0.0629120774051853,0.0487116948176018,1286.42643963872
"CH064",0.0327383913623155,0.0487116990622596,85.2807898251744
"CH065",0.0696284543071339,0.048711700317186,681.731050916307
"CH066",0.241565892544338,0.0487117004904402,2602.51797185072
"CH070",0.0758942428494219,0.113264458195363,319.596645988726
"CY000",0.394438074588783,4.63403812975874,121.891196330633
"CZ010",0.168648364552501,0.0923666576128601,1318.27767919879
"CZ020",0.683707619830388,0.18878276116715,371.899567825901
"CZ031",0.541982745180941,0.28939790989751,109.233208265698
"CZ032",0.539540182727561,0.145383682438956,136.065462171955
"CZ041",0.213865379935989,0.294527834898284,201.03932632076
"CZ042",0.330782197286319,0.296993213399552,330.647852138526
"CZ051",0.293764459383131,0.27445165455762,316.667709666178
"CZ052",0.658279638586762,0.239998553155199,267.505993525358
"CZ053",0.629736152690082,0.326380896618821,196.739949552492
"CZ063",0.616897710400247,0.426692802215829,139.0881933368
"CZ064",0.726063415421123,0.516035567494152,269.417545713407
"CZ071",0.668150248690308,0.45777657514198,244.887214177155
"CZ072",0.527897297192598,0.478961886273818,305.349166352251
"CZ080",0.224388198411235,0.438872952088799,469.501606214921
"DE111",0.227845790602954,0.68210783475353,3404.40350757608
"DE112",0.825948777355316,0.682107784844943,1097.75633644735
"DE113",0.444615827138022,0.682107691677723,2213.57752319604
"DE114",0.452378069253003,0.651286887132852,650.934662105978
"DE115",0.269500675592985,0.68210773715018,1699.21342070069
"DE116",0.0744514799415663,0.682107756638278,1174.01300248122
"DE117",0,0.682107757467247,1030.64806669136
"DE118",0.218994093786247,0.651726943410752,677.649354244243
"DE119",0.662272646979479,0.684950127428311,271.152463547512
"DE11A",0.721286544859189,0.665162852349065,195.751653667493
"DE11B",1,0.72425868658304,312.957945231633
"DE11C",0.250784682718024,0.397383728754362,341.04556708644
"DE11D",0.356682489208441,0.595237397388565,358.965191572741
"DE121",0,0.105061196282633,990.431586629274
"DE122",0.0198402152252442,0.105061188817891,1413.62763159871
"DE123",0.0500975555205804,0.138024468723067,948.416293291912
"DE124",0.00672352893166637,0.147791637664777,693.94122008099
"DE125",0,0.585905527974238,2167.86844226133
"DE126",0,0.219651138300893,1774.47855889773
"DE127",0.743603410154952,0.693612822829891,415.863486743112
"DE128",0.0690807535688635,0.412405006130573,1091.6842132494
"DE129",0.22590071244147,0.393534344146449,1175.08108993328
"DE12A",0.325099739978122,0.585905389177931,671.998635064578
"DE12B",0.323223106689743,0.445994805615612,924.431839307417
"DE12C",0.31677383789578,0.440071656535443,495.463695147744
"DE131",0,0.105061188336112,1761.9643347005
"DE132",0.0728554314614193,0.116528482085087,686.653695265397
"DE133",0.0298002650306752,0.105061177533438,425.636673241078
"DE134",0.00874315276000721,0.105061182002257,442.155920837966
"DE135",0.535480985905864,0.508237596573759,295.053122832756
"DE136",0.339810950464028,0.318557054236788,357.029703181122
"DE137",0.304288690178181,0.380217256432086,472.860967220905
"DE138",0.776228412262683,0.148802137294451,556.316959360611
"DE139",0.219625121560463,0.105245685955657,1096.27599019203
"DE13A",0.42312817097558,0.108874546321562,498.565334894304
"DE141",0.23454920503706,0.549284525013538,717.549676617115
"DE142",0.739696660671682,0.682107814606693,983.96596782155
"DE143",0.351899661073543,0.580867692309351,307.519424856783
"DE144",0.485738472348212,0.341218817784304,747.906914571834
"DE145",0.530827763904086,0.392614054473074,399.895170802269
"DE146",0.425901549523594,0.335960576852901,296.781482601051
"DE147",0.39727568339307,0.131555871637079,362.101740279647
"DE148",0.322096931984859,0.212273731068612,266.327266536239
"DE149",0.60909234219137,0.306753481984023,321.925918909319
"DE211",0.336458992780499,0.061008132257699,499.913759085511
"DE212",0.0219535343250863,0.104792450380928,2110.74215905536
"DE213",0,0.0490778725540159,1041.70697266297
"DE214",0.990787890137575,0.0490778750689748,267.320932692291
"DE215",0.0795178419050181,0.0490778693204978,207.963252897351
"DE216",0.0189235105552825,0.104052391638489,170.857349605157
"DE217",0.580279411740359,0.0956470438060493,1459.07793727416
"DE218",0.145082090963233,0.0869923145426529,1113.21148359938
"DE219",0.599990086729721,0.331689742126618,356.515535639828
"DE21A",0.632430372001637,0.0876549463261279,1072.91322896294
"DE21B",0.565626194601272,0.0953686269480226,1258.69833861485
"DE21C",0.235067187011472,0.0965930266192951,1171.46122426942
"DE21D",0.047782041034141,0.107003867229469,187.84370876126
"DE21E",0.177249392565031,0.121447772593234,504.405367225155
"DE21F",0.0276831780076261,0.0759528719369656,190.973809271992
"DE21G",0.70853839495119,0.0476635192457241,205.34396180485
"DE21H",0.206166373597828,0.103840239253518,1643.77397125309
"DE21I",0.53223745927899,0.061008132257699,392.109920518488
"DE21J",0.438882045181449,0.0690633069927561,558.16652771139
"DE21K",0.0366234793968927,0.0521543328086982,235.956097958751
"DE21L",0.232856353436045,0.104792441995075,752.786647547571
"DE21M",0.252789845290248,0.0490778720365277,172.648698963982
"DE21N",0.024833049037888,0.119773767675637,189.785801239277
"DE221",0.374500792180263,0.10479245509943,1083.22278222291
"DE222",0.19130314672096,0.03054492086453,610.107134089738
"DE223",0.414893187170781,0.0438563982384968,422.793234855462
"DE224",0.697584902747158,0.0480957872166152,222.937533424458
"DE225",0.0882024882121274,0.0475695467384308,156.228203262335
"DE226",0.549447273406788,0.131965929912002,214.350035702155
"DE227",0.865705659722714,0.0696429209418278,288.487050986936
"DE228",0.675718855902666,0.0354410298037951,176.264634747292
"DE229",0.0250253820710849,0.0431907350466195,141.363870278651
"DE22A",1,0.0383177925810381,213.915744487122
"DE22B",0.625243265554764,0.0484813353514701,241.885540531437
"DE22C",1,0.063350475238366,266.644363186139
"DE231",0.976942006167446,0.306823570409467,521.79559771215
"DE232",0.412288547274864,0.0381589707593709,758.049365021579
"DE233",0.17217591916527,0.306823558686644,526.083521009482
"DE234",0.549923396343745,0.438482500846189,221.055538235468
"DE235",0.210745449437169,0.0828079402963149,155.280999422502
"DE236",0.751913253759093,0.519421392625468,491.065253480721
"DE237",0.202343662725318,0.34943768840337,188.563130164661
"DE238",0.523822085428555,0.158423670594713,259.756497881599
"DE239",0.364737644753804,0.240082200426599,233.83115445718
"DE23A",0.196079941807627,0.31220865674614,174.594976986726
"DE241",0.0367915087065613,0.730432357870756,1462.78439678699
"DE242",0.593445069876397,0.730432305557608,482.163140283208
"DE243",0.766188831572911,0.730432392746192,926.932854096809
"DE244",0.0517705386305501,0.625296119234216,646.604455338689
"DE245",0.75797625804126,0.730432319273022,389.263111773724
"DE246",0.386312293198859,0.684569760797554,286.653691062657
"DE247",0.832895010962618,0.719142315859004,241.066112523457
"DE248",0.443315229588775,0.730432357870756,396.82488633933
"DE249",0.154427624706941,0.64344725507001,255.100413036359
"DE24A",0.217883739737751,0.710034845490263,248.032482778436
"DE24B",0.653151697051181,0.730432380539268,262.658492296833
"DE24C",0.713995062005264,0.730432357870756,308.305701149556
"DE24D",0.229033924335227,0.39726598810176,312.294427466601
"DE251",0.883065692408962,0.712889203003781,679.744686579367
"DE252",0.114163064606776,0.730432305557608,921.772460240107
"DE253",0.325413045380624,0.730432357870756,1532.07272407386
"DE254",0.0957420892836963,0.730432304133866,1376.22612900058
"DE255",0.45172453881741,0.730432305557608,2674.60405822414
"DE256",0.7997328239572,0.615576992268549,231.850710140163
"DE257",0.496482801259309,0.730432325678049,713.091231003659
"DE258",1,0.730432341432605,757.097003375329
"DE259",0.31442651754777,0.728798544852518,696.586076209496
"DE25A",1,0.729129494730039,271.368983109422
"DE25B",0.610500478640835,0.717807174077633,820.453580407916
"DE25C",0.490307674350315,0.634859054018935,407.575038884204
"DE261",0,0.730432283325432,658.095750245591
"DE262",0.0338491781365732,0.730432305557608,508.138209637935
"DE263",0.0392570241540658,0.730432283325432,898.966633543364
"DE264",0.0653133444170276,0.730432419962767,486.645057532887
"DE265",0.509295402576011,0.709361984476503,204.906412501692
"DE266",0.778099987751625,0.70527596538078,201.565169925821
"DE267",0.710528213569772,0.73043232449669,275.050600189738
"DE268",0.361357265918355,0.730432419962767,233.339897580904
"DE269",0.160439153900569,0.727884556986757,416.961877833747
"DE26A",0.297868099655405,0.730432376956509,273.024936230878
"DE26B",0.542733540434963,0.73043239344224,250.362424197385
"DE26C",0.667941491229397,0.730432336637129,337.412121472828
"DE271",0.194720081469991,0.151824591469911,1324.25967887188
"DE272",0.0525283323286439,0.215735896733144,520.779018789258
"DE273",0,0.341218817784304,596.203326441546
"DE274",0.110684070597085,0.341218817784304,732.769549459583
"DE275",0.753578372144973,0.0948057549429863,718.975987648586
"DE276",0.283092530331793,0.216217629111442,527.472157140713
"DE277",0.557311337028247,0.341218753557153,313.46512305897
"DE278",0.435867074668353,0.341218693797426,383.022135811293
"DE279",0.713649994470981,0.341218778652482,404.055904841869
"DE27A",0.00857214111053727,0.114107894991231,406.311318317471
"DE27B",0.0398210954707751,0.18748344413799,261.779348419811
"DE27C",0.0781602324717986,0.315329779626171,359.300644636464
"DE27D",0.303674624997124,0.30179250482873,201.049159784037
"DE27E",0.0362390169341544,0.27253171980459,182.546923544519
"DE300",0.0365460753265225,0.943220808416717,1838.95794982429
"DE401",0.173794926486846,0.943220739391906,258.58464387994
"DE402",0.07857736406232,0.943220742112718,433.732269146271
"DE403",0.115303684249595,0.268632149063715,185.738230934508
"DE404",0.190696666320306,0.943220711073582,1833.53470723979
"DE405",0.28633147827876,0.576327248051963,847.526808122045
"DE406",0.17415497697232,0.894283882598072,560.623679172732
"DE407",0.279364293240671,0.336975045787468,188.457771332015
"DE408",0.591947273215612,0.943220978487708,402.27752510548
"DE409",0.593311735945218,0.490018023370032,286.798027243694
"DE40A",0.269864710873097,0.943220690363315,1161.49799096997
"DE40B",0.114410755221108,0.601071130552162,328.841767701205
"DE40C",0.32209649836691,0.832134228273122,341.830723907758
"DE40D",0.549596887757433,0.849546810446807,109.757073477814
"DE40E",0.198513391165031,0.864874841337035,359.108806496467
"DE40F",0.809089972512515,0.214167520799114,52.9863562395949
"DE40G",0.133301203830127,0.749264261460084,200.024337282568
"DE40H",0.197131581535669,0.831695768202224,931.675347309743
"DE40I",1,0.430541671169128,91.6891468082875
"DE501",0.215191019627139,0.397961063633004,1559.65587119142
"DE502",0.193623775802548,0.155361116839868,1545.29121705111
"DE600",0.232715685951936,0.281557867739672,1311.4838769861
"DE711",0,0.137068824073028,2027.7667490099
"DE712",0,0.730432255627296,2829.91835208191
"DE713",0,0.730432305557608,7229.27927023159
"DE714",0.0108074384811827,0.190162973139355,1614.55430608951
"DE715",0.0494289365328124,0.24659733503649,1175.74757745481
"DE716",0.0914325173088066,0.322453526685841,1136.67246460535
"DE717",0,0.142387956051148,1474.38104569783
"DE718",0.277382297938431,0.554875773422017,1875.05882603054
"DE719",0.123622575112979,0.706803385821629,709.159456257531
"DE71A",0.0129509308267112,0.613192270887256,2301.25899293008
"DE71B",0.147575386443732,0.709028098487977,820.689586423858
"DE71C",0.0028414240137347,0.730432341477116,2056.59748350305
"DE71D",0.315479451939377,0.0857305384461773,947.319227661348
"DE71E",0.0873911929957425,0.688960716685196,1440.48260278142
"DE721",0.0815690499231947,0.282645218776096,800.131867924179
"DE722",0.1292843516641,0.0655788339475392,586.206374455615
"DE723",0.112590325932223,0.0389489471037552,878.882323239099
"DE724",0.19380409770879,0.0846633522584746,277.373935115985
"DE725",0.392815244451139,0.40165223424762,205.285354429782
"DE731",0.053869448439943,0.465660740755396,800.718427596775
"DE732",0.227723258383291,0.506067632287977,183.200568143315
"DE733",0.219033486708637,0.465660765431525,207.090372126011
"DE734",0.659808415233892,0.465660750074826,338.702671956776
"DE735",0.404217882325822,0.4467775277539,286.111435191493
"DE736",0.428754106880198,0.395932715378218,245.096936116657
"DE737",0.312135346970266,0.4656607640902,262.77301861008
"DE803",0.584610117136599,0.355015671426021,632.311814000729
"DE804",0.0612378123815738,0.0960111696779811,503.597624995693
"DE80J",0.8443006707502,0.413873926782813,61.6051504959762
"DE80K",0.444254115112779,0.358122032923396,94.9117341489308
"DE80L",0.95980711654115,0.246602574787645,123.404919060624
"DE80M",0.81853915446238,0.240178386134388,222.503833784816
"DE80N",0.760559336744398,0.317470198865815,82.8284801402794
"DE80O",0.655769870361738,0.150824298895853,87.6871479828006
"DE911",0.338327813073167,0.465660769968259,900.326745890645
"DE912",0.420378009096778,0.465660653116818,1049.21315292322
"DE913",0.558576691498781,0.465660762665043,756.513028388527
"DE914",0.689793363820744,0.447183203908388,248.021984810407
"DE916",0.169453290046102,0.490012447443984,297.270841340747
"DE917",0.705767897120369,0.508382249228834,631.382014973978
"DE918",0.26117814002783,0.46566071419531,212.762488900741
"DE91A",0.269157698301035,0.465660723227679,771.863050779132
"DE91B",0.779256349809955,0.491128871877015,714.466494933269
"DE91C",0.355043229372312,0.483123415690184,247.156862158754
"DE922",0.119478784910516,0.466361661036077,231.033174665775
"DE923",0.331847160291615,0.465660746058459,493.981896467347
"DE925",0.19648609860502,0.465660718676757,623.141515970304
"DE926",0.515940081040628,0.465660753275194,352.023297285796
"DE927",0.0823009924579714,0.465660737758013,351.745801063585
"DE928",0.172261831424014,0.465660748935192,526.246745915894
"DE929",0.178723352357338,0.46566077899267,488.069998915336
"DE931",0.424848705335839,0.445436538984195,160.485488638461
"DE932",0.507356210103354,0.12358814219516,467.010912861697
"DE933",0.597383642451763,0.255811107337724,656.501770123199
"DE934",0.923031840801759,0.0960111647477683,73.0027426976724
"DE935",0.619071516970432,0.115726422246468,431.693282893156
"DE936",0.400737651610127,0.383462653226661,1173.8615456242
"DE937",0.909659344344017,0.403302249205063,249.516014965339
"DE938",0.489607615148556,0.428684617003085,304.286775465502
"DE939",0.739299308709885,0.416889769977425,425.317887818041
"DE93A",0.56743189368188,0.140380030777888,213.786369869351
"DE93B",0.938836064737373,0.465660755220712,324.437907332636
"DE941",0.448667282820496,0.465660762665043,2879.07417936995
"DE942",0.424474691050823,0.429257189004863,773.617224119874
"DE943",0.13527395155471,0.465660723227679,680.899118259034
"DE944",0.191152125832826,0.499963987897136,1054.40516489909
"DE945",0.0347998584775632,0.500878545193003,207.811863474183
"DE946",0.0887642514790728,0.494456551591641,365.511013897304
"DE947",0.469849962709859,0.500624167083091,161.462278599516
"DE948",0.0365366055212964,0.497844580282824,166.890079869902
"DE949",0.201852387451557,0.411965036370947,163.969418160837
"DE94A",0.0220979712021015,0.500768447855428,282.902078538226
"DE94B",0.636792546606944,0.132606518981792,323.298942287921
"DE94C",0.281299756297586,0.473378805337651,224.523833389067
"DE94D",0.310268542505624,0.46914460779471,372.639042779315
"DE94E",0.201929845796639,0.493222358462949,396.148672531434
"DE94F",0.0661496866585808,0.485353022540113,259.724781830959
"DE94G",0.0152911270522005,0.461792166935845,520.983879522973
"DE94H",0.100620909566787,0.500822756405259,140.035788796684
"DEA11",0.00484093863996008,0.102872679681236,7314.32728580017
"DEA12",0.0216365808046854,0.102872667362338,4613.41125977224
"DEA13",0.00485490536665946,0.102872667362338,5491.59646920147
"DEA14",0.0152526958196452,0.600962137645358,6844.48089935198
"DEA15",0,1.0794986421463,2693.68251653603
"DEA16",0.0347100940532422,0.10287267538727,9535.37842594772
"DEA17",0,0.10287267538727,6480.89488556022
"DEA18",0.10303887468864,0.10287267538727,12329.0478582861
"DEA19",0,0.10287267538727,7954.18026497379
"DEA1A",0.011421900658145,0.10287267171886,6150.05958892453
"DEA1B",0.168971719922772,0.688259209552312,823.589782516342
"DEA1C",0.00910393336006895,0.10287267905568,5385.46648789472
"DEA1D",0.0035650203843464,0.354435631677227,4358.37422752072
"DEA1E",0.00364137581394892,0.997629009565265,2635.41069710333
"DEA1F",0.0305825193411341,0.310412538440153,1536.26032622591
"DEA22",0,0.10287267171886,3762.59852338839
"DEA23",0,0.102872660876382,2724.02665500826
"DEA24",0.0293781968170354,0.10287267538727,11325.812663686
"DEA26",0.254250354953519,0.762589217736256,1270.5462300326
"DEA27",0.00858301390734153,0.141908678391181,2279.62739388072
"DEA28",0.229555644690552,0.457185046854629,821.154955016661
"DEA29",0.0860138675801128,1.0794986995867,1556.44482660313
"DEA2A",0.0510300425350016,0.102872668639609,1683.73381051481
"DEA2B",0.00684604661776986,0.10287267905568,3578.45908906614
"DEA2C",0.0190525793975246,0.102872683451548,1620.94495766656
"DEA2D",0.0474998644420415,1.0794986995867,1284.9774881573
"DEA31",0.0231705288965691,0.10287267538727,3611.24640156992
"DEA32",0,0.102872676402837,5462.03169333249
"DEA33",0.851894669143855,0.445059241162689,1499.4107732361
"DEA34",0.489388543290054,0.102872674423318,1007.26675883578
"DEA35",0.23197715674182,0.142114565884659,1674.20319210084
"DEA36",0.0360886279320346,0.102872671753914,2103.49718796658
"DEA37",0.387576535791834,0.345952715731257,370.791810322274
"DEA38",0.710434216782544,0.36542739938094,808.158018413969
"DEA41",0.24886144873861,0.478308420621785,825.238865641801
"DEA42",0.207400347366879,0.436021428164016,552.517018178003
"DEA43",0.466866274694333,0.465660772059152,1073.33134496589
"DEA44",0.69151959609029,0.394844359601614,305.779361666928
"DEA45",0.793261218150888,0.41704504195722,541.759513521265
"DEA46",0.0994009033706489,0.465660743399662,683.177384799071
"DEA47",0.348798017007017,0.164474478103962,492.184206030792
"DEA51",0,0.102872670371687,5274.75004517251
"DEA52",0,0.102872671753914,3180.29484920702
"DEA53",0.00714000548466363,0.102872677164512,4225.87918364959
"DEA54",0.00442522267440457,0.102872667362338,1772.17998747548
"DEA55",0,0.10287267538727,4707.00399055738
"DEA56",0.0374672891714954,0.102872676376625,5109.80880170592
"DEA57",0.142169234195045,0.165309504185862,283.25483615074
"DEA58",0.110516994278719,0.102872670371687,1124.19434770965
"DEA59",0.0402740729716562,0.11146288358249,522.194708920306
"DEA5A",0.0359072939993078,0.149525811227322,346.56266907986
"DEA5B",0.339586503087193,0.102872686287339,536.915355168336
"DEA5C",0.0296290238827444,0.102872677440906,1762.27091591639
"DEB11",0,0.149364269379609,725.540376399665
"DEB12",0.152097174870713,0.113320792893802,712.494902001476
"DEB13",0.0227014600903588,0.102872671753914,662.426335290662
"DEB14",0.328103749039624,0.0389489493920907,232.264104488855
"DEB15",0.353116344564402,0.0901959905199196,172.695919984272
"DEB17",0.234757825049064,0.260856632634417,305.889046920218
"DEB18",0.0607742411697269,0.102872679681236,1104.96887053326
"DEB1A",0.527172063337376,0.0440132606152971,487.244907596466
"DEB1B",0.103347861058567,0.0860661180186078,358.14710474158
"DEB1C",0.639315488764542,0.568580209188731,251.352380870168
"DEB1D",0.807511833988517,0.23193555496418,301.568953596587
"DEB21",0.0828983261723534,0.588954092408713,590.283748884706
"DEB22",0.226837674533223,0.544247116346774,191.05859605419
"DEB23",0.386764017525777,0.588954236716256,259.115738021842
"DEB24",0.292135658391696,0.399863098937013,131.451201183301
"DEB25",0.299142898927991,0.575004655756148,407.565957264797
"DEB31",0,0.0196168185558936,4665.12170017658
"DEB32",0.00732851518046571,0.213847012353926,518.74734393657
"DEB33",0,0.105061188817891,2951.27142575715
"DEB34",0,0.0321688369084056,2182.08522017173
"DEB35",0.0102241154111182,0.0312636915923363,2626.61167252743
"DEB36",0,0.0800099991391598,2623.34529576338
"DEB37",0.0836553925758161,0.476829206873583,845.932610246766
"DEB38",0,0.105061188817891,3421.21841419989
"DEB39",0,0.0196168185558936,1410.38379975632
"DEB3A",0.17608377353361,0.588954191952283,2087.01729336983
"DEB3B",0.0531700892668873,0.0272799562305193,1011.70342752611
"DEB3C",0.00838209859495779,0.0592504683803428,994.557163090694
"DEB3D",0.390306667562026,0.0336339608363839,480.423718240065
"DEB3E",0.00430646644053558,0.105061191568059,1245.39106725077
"DEB3F",0.161013566423862,0.18256519106306,443.655002740506
"DEB3G",0.498429073432257,0.0683683495250341,450.58547234297
"DEB3H",0.00769149855566786,0.105061178112475,893.399765391024
"DEB3I",0.00950924633077103,0.0755892746086716,1885.76635707869
"DEB3J",0.0579316241137104,0.0327560810882592,970.95001168786
"DEB3K",0.133239077844118,0.355981378500039,478.898463033408
"DEC01",0.091643142081419,0.588954237413548,1228.72999625952
"DEC02",0.195657670366677,0.588954135518777,902.589489827827
"DEC03",0.165157757962536,0.551186596630796,1418.83404451415
"DEC04",0.213420786704559,0.588954118920688,1210.87036237936
"DEC05",0.185389269203932,0.558319373529417,954.880403431881
"DEC06",0.242145072570571,0.378597506505612,502.377835200918
"DED21",0.150777141929597,0.288748895626866,1189.06162400736
"DED2C",0.209873075230704,0.518929100217055,321.029442216761
"DED2D",0.315691713011478,0.715488076983362,214.008033293102
"DED2E",0.253261053349322,0.288748895291501,492.598068641929
"DED2F",0.309381189857436,0.288748904578809,440.787690968039
"DED41",0.025574832965634,0.288748902569989,1140.4886567866
"DED42",0.0281544508649387,0.295576597856618,503.521034844375
"DED43",0.376472929923231,0.307454877041256,342.82244659222
"DED44",0.199381444185716,0.54270962259708,402.722368766684
"DED45",0.258525033217416,0.434627875298474,813.345761502345
"DED51",0,0.559307983126426,1588.70487026006
"DED52",0.225422295306024,0.510269173953096,560.120850684592
"DED53",0.266382174721176,0.332057011529237,316.921563651421
"DEE01",0.166697281742523,0.244124256683397,460.568560869809
"DEE02",0,0.625296119234216,1061.94073939506
"DEE03",0.0381751360919281,0.0318198114819587,561.974053426112
"DEE04",0.954897439944636,0.158018827211748,77.1188753163441
"DEE05",0.350829069587081,0.28658269386136,284.891434846688
"DEE06",0.389842726160397,0.411750118096672,229.591707527388
"DEE07",0.456628219696043,0.321651175219905,227.139847426704
"DEE08",0.479841315976312,0.625295977463987,617.096193628185
"DEE09",0.285958269145377,0.606081856188951,184.155338090441
"DEE0A",0.468199743095139,0.625296064173138,240.573215676007
"DEE0B",0.274042325375929,0.618738220680689,527.352254080456
"DEE0C",0.431653171114016,0.498568376150027,292.132268210692
"DEE0D",0.901376709861286,0.191510424043054,112.077800690826
"DEE0E",0.198831027515777,0.339370670981144,145.978852587451
"DEF01",0.387094539144506,0.231789264501289,482.824338844118
"DEF02",0.203721418184658,0.265672334588633,1455.64046328393
"DEF03",0.70996972358352,0.265672359426849,963.010218653265
"DEF04",0.647470742452095,0.187694018583873,788.525476114006
"DEF05",0.640023575891189,0.1876940154499,122.983956915089
"DEF06",0.743755378283061,0.148817285658367,663.290193986568
"DEF07",0.524683426379503,0.187694026583692,103.853935803157
"DEF08",0.761382278948881,0.265672344728282,214.605757091258
"DEF09",0.432544697410939,0.430365537530042,1420.1081402486
"DEF0A",0.327142849068718,0.255958468297612,470.545428685082
"DEF0B",0.47389776053664,0.218432693468833,252.052017968737
"DEF0C",0.506370574902055,0.22207792766648,180.875637682741
"DEF0D",0.664836789204594,0.277054038299445,987.766734641935
"DEF0E",0.518456022821206,0.315849482759137,582.094816323733
"DEF0F",0.70819522466126,0.193689022699274,1333.54861318443
"DEG01",0.0933249627053422,0.612509326435311,423.683786578794
"DEG02",0.0607107050714949,0.625296119234216,852.671773803499
"DEG03",0.327504189253018,0.625296119234216,294.275363616519
"DEG04",0.0108073383833335,0.465660753275194,800.897905791736
"DEG05",0.206847564089484,0.625296119234216,524.433576220548
"DEG06",0.49649893236627,0.516686826729539,185.191066113386
"DEG07",0.401347399579058,0.618913993680378,200.722946661867
"DEG09",0.253286531827212,0.591537125032474,189.207569545097
"DEG0A",0.33173849781371,0.625296052268041,225.130084390635
"DEG0B",0.252306093308928,0.523878376089522,233.372973413128
"DEG0C",0.147184714478398,0.565125522354158,299.664831956376
"DEG0D",0.149631399748893,0.625296099173975,218.10384123481
"DEG0E",0.499782863159475,0.591129764573905,290.911946998968
"DEG0F",0.305054518102864,0.601618966069507,334.594524701139
"DEG0G",0.514812552811189,0.625296119234216,397.415424365733
"DEG0H",0.24546911840378,0.686374616369946,341.10845295172
"DEG0I",0.165762385962748,0.628613594035575,301.649625511082
"DEG0J",0.361536946640502,0.625296172368146,311.026713975604
"DEG0K",0.496078065608738,0.630858012380858,253.689188432757
"DEG0L",0.500653103599701,0.625296033794614,525.884032831675
"DEG0M",0.42182266848474,0.61016771677539,887.661850985641
"DEG0N",0.0923336652280151,0.465660740755396,338.720039582643
"DEG0P",0.320252718707065,0.473580486861738,186.385965016299
"DK011",0.0523750009858942,0.188621812130495,4516.47514654046
"DK012",0.39682915603032,0.188621829092383,2920.8169707405
"DK013",0.825372827666975,0.188621796718135,1132.70132272165
"DK014",1,0.081953271507072,48.0732540875978
"DK021",0.928948565440483,0.18862180419322,1246.53371235251
"DK022",1,0.188621792776657,118.543006408463
"DK031",0.960196083716298,0.190798546872681,261.257968379328
"DK032",0.652209896915328,0.208859769942852,126.16172271016
"DK041",0.831880336945748,0.0919145489278681,112.562820564248
"DK042",0.962611181649172,0.209814486490809,265.765073598375
"DK050",0.944467908116861,0.0941807348910756,105.688524810223
"EE001",0.323522714839404,0.273034880705676,119.498740080831
"EE004",0.327676551171683,0.305048362589933,13.8361291003359
"EE008",0.663306009513744,0.105415672040265,24.5227677187752
"EE009",0.71697319528714,0.270848061992013,51.3282255488533
"EE00A",0.41101862762864,0.156581940155422,49.3616073659582
"EL301",0.0605519828117038,2.22353293750288,6842.81987169599
"EL302",0,2.22353249717555,7720.29025277882
"EL303",0.00970319013233892,2.22353263727969,3339.54421882486
"EL304",0.0566154645077627,2.22353277738384,5574.50017409558
"EL305",0.189157702587981,2.22353245893008,1739.61958236705
"EL306",0.23013339643189,2.22353283635676,620.726942437949
"EL307",0.0706152013948537,2.78063111374751,813.797322560556
"EL411",0.38217075019607,3.57747512682071,32.5345149000415
"EL412",0.209625319310719,3.57747514726637,37.0765457751655
"EL413",0.0509013322098411,3.57747477977377,63.524555702961
"EL421",0.208384466889753,3.51643472962805,40.9820680050035
"EL422",0.398136558422874,3.55532456230472,18.4945257340921
"EL431",0.0845515825924952,3.57747465741515,122.016341866128
"EL432",0.113651128203759,3.57747477282339,50.5544973941611
"EL433",0.297546176795161,3.57747432166064,47.2331309867255
"EL434",0.130428116985981,3.57747500632842,26.7891611406758
"EL511",0.604921962273614,0.62785336651621,47.068310403811
"EL512",0.594763236552023,0.967413102076242,67.3287932519071
"EL513",0.578944155836215,0.900828189991079,40.8404683117352
"EL514",0.313376145308575,1.07265249976793,57.1611378901917
"EL515",0.517044981229847,1.43776083497159,58.8996865737912
"EL521",0.635173908306538,2.71036862603422,231.974503984812
"EL522",0.638577732277211,1.15594630878885,336.227802827293
"EL523",0.833699231356133,1.12203495249434,303.779594069541
"EL524",0.465236718934497,2.54647397193602,158.284181778696
"EL525",0.549285571493687,3.94407705412788,119.685324850566
"EL526",0.578736822681946,1.19827184167986,49.8035201080379
"EL527",0.429193373908762,1.02439386352626,28.1282342360377
"EL531",0.614938440748464,2.42018808521185,44.1731699661877
"EL532",0.619054446444014,1.10565165024078,34.0621326591415
"EL533",0.560595742558836,1.66398020580654,46.934075776623
"EL541",0.489531573149095,2.22353256788034,39.9963185146982
"EL542",0.531467916079551,2.19350248270241,49.5188484288013
"EL543",0.241802669413753,1.7177471235984,50.5135086107611
"EL611",0.660266513340984,4.14962313528329,56.7180001456917
"EL612",0.70204311970016,4.82551309953934,85.1242114862323
"EL613",0.285558806748486,3.29598481593712,76.0701110414395
"EL621",0.198521824610944,2.22353277738384,50.5552811447584
"EL622",0.187006399161636,2.2235325532172,111.636362489232
"EL623",0.538956983497509,2.22353241999552,18.172666950318
"EL624",0.180634885031713,2.22353277738384,30.3762960961532
"EL631",0.455184453812341,2.22353260286828,51.3073870918875
"EL632",0.447557327620114,2.22353281310868,82.4607109267852
"EL633",0.563278992410313,2.2235328086048,59.3824194133536
"EL641",0.473646540108365,2.22353260428655,283.571172426122
"EL642",0.337457777384136,2.35321701436502,236.280798370113
"EL643",0.0568716098350092,2.29172465724199,37.6629612590823
"EL644",0.455567497381471,2.90159569276075,42.5227894109313
"EL645",0.126697778045724,2.22353258464624,53.753090943126
"EL651",0.223808046753778,2.22353272308424,48.2984471212978
"EL652",0.123586516787069,2.22353283638515,80.4164775046464
"EL653",0.166935712530949,2.22353266095441,27.8615413626458
"ES111",0.189627596185605,0.281173748028909,200.639387468117
"ES112",0.287963695863852,0.311124417785282,55.7288404494061
"ES113",0.139106717394701,0.557672220269336,94.7419283238946
"ES114",0.215300970036714,0.283413874341588,327.803665541141
"ES120",0.120989270730916,0.56377771982527,144.480144080801
"ES130",0.0877581711533531,0.860253655118098,197.727106120462
"ES211",0.447706006250458,0.994559695488331,363.870030419092
"ES212",0.0361056659899511,0.780109064750711,456.381322306741
"ES213",0.0173369289407844,0.801098156069393,908.603067716188
"ES220",0.546449439020804,1.36489946999649,155.671203977913
"ES230",0.346808060180009,1.55023907544334,121.401779374249
"ES241",0.706872855744973,1.45828597120671,34.3860712368559
"ES242",0.573476868878921,1.53423730711711,20.0498552976277
"ES243",0.738408102309638,2.01935292254782,82.123691162286
"ES300",0.28780588768797,3.84436517305528,1254.70395146961
"ES411",0.454248770944828,2.73819436771796,44.5454862868021
"ES412",0.814969537066972,1.74122257961326,86.5867516200991
"ES413",0.242947220539567,1.20576243261492,62.8923554732898
"ES414",1,1.92637599643774,63.9659625000652
"ES415",0.467145688532715,0.648382480466264,52.4189846464216
"ES416",0.71069987908779,4.16296077671401,109.464073688559
"ES417",0.675397307141505,3.14654265350404,24.480634069275
"ES418",1,2.4639396392915,109.384625609594
"ES419",0.635365621275504,1.55800936252285,32.676964799099
"ES421",0.684957695479687,4.69925245171643,39.2624045946994
"ES422",0.408879288514417,1.86096406525559,38.9964506800587
"ES423",0.600503969196118,4.44850830671005,24.3325136962664
"ES424",0.510734003746328,3.70970995713242,55.3793024555205
"ES425",0.658620622509977,2.9484375250052,233.97544672906
"ES431",0.718248765166792,2.6300463926026,41.3775278589271
"ES432",0.432824296152761,2.13544432918224,29.9243727438753
"ES511",0.285730952490843,1.62160574564417,677.781044126801
"ES512",0.242159249060629,1.2282334546952,209.853468228669
"ES513",0.486653398236957,1.45194221979387,68.9984709774739
"ES514",0.114326948216143,2.27683628126834,159.856828598761
"ES521",0.198719197428092,5.00000104074236,412.337464094726
"ES522",0.0747814393056965,1.36040296906292,177.482727942856
"ES523",0.133623788014861,3.64771889394738,284.050929649918
"ES531",0.227550103558798,4.99999978350916,73.3535157564724
"ES532",0.734014795380559,4.99999973580779,236.487071575336
"ES533",0.818757188680207,5,34.6165693911679
"ES611",0.242489424713871,4.94501603442639,69.7645713389157
"ES612",0.43524820438508,2.70258640174752,147.95153993284
"ES613",0.549494585224136,2.90884433035929,77.1199393125825
"ES614",0.409934758789641,4.60148689305627,119.502198956664
"ES615",0.246464913004493,2.00014328901592,109.253437026923
"ES616",0.131178103612107,3.15392065159792,79.0851319818989
"ES617",0.369259495840989,4.77912284234513,267.255905942009
"ES618",0.654315798625473,2.73855931893803,228.565595492359
"ES620",0.293914402774438,4.98580699243307,158.34439500193
"ES630",0.112283951626266,0.549375435049376,945.630439872812
"ES640",0.19204365690616,0.549375435049376,378.480703335107
"FI193",0.112660298019787,0.186692253345329,23.3765438966914
"FI194",0.433380821533471,0.955746905609879,21.9618229366181
"FI195",0.481207660021318,0.758835329059376,37.9047692130003
"FI196",0.455228518103845,0.49530112795806,55.8921510252173
"FI197",0.312184219237061,0.495372536865039,48.8269487728903
"FI1B1",0.435956771283577,0.273884425300361,288.923334832728
"FI1C1",0.511704726721835,0.275370838009727,80.8296822536118
"FI1C2",0.328448604642915,0.336096884536963,71.4261067943888
"FI1C3",0.352401818362959,0.226365978202455,55.3131735579493
"FI1C4",0.338049410511167,0.121534238792887,63.0085392559464
"FI1C5",0.127138656951705,0.0344208882950497,29.906935477514
"FI1D1",0.0551665567604109,0.0295468133618616,15.5066828721396
"FI1D2",0.228230739374416,0.069097494249369,17.6971625080471
"FI1D3",0.104582268518283,0.017462160505098,12.1159097914359
"FI1D5",0.396610344574546,0.232562885380754,19.26464690025
"FI1D7",0.0146579568727036,0.0563096737125929,3.0055037910195
"FI1D8",0.0345718241943966,0.0374399570545917,4.65017385890392
"FI1D9",0.195397316441266,0.0976958681300373,15.6126295970502
"FI200",0.0663547176096896,0.325388346540238,20.3225307984596
"FR101",0,0.343609470385317,32498.7884645964
"FR102",0.711480270221547,0.664067031713121,756.594502917375
"FR103",0.633047010124356,0.300752177210186,3569.44343595509
"FR104",0.649814783961409,0.630967460015399,5702.94151414567
"FR105",0.0185126267027188,0.335933465877002,27613.3414266419
"FR106",0.072881738410045,0.362641712121592,15431.2151044799
"FR107",0.0593299536625395,0.452607694436076,18549.3150713166
"FR108",0.677406753345474,0.361685415406892,3271.35449485262
"FRB01",0.935495931665722,0.181398235696142,92.9821199369343
"FRB02",1,0.379009363395552,190.798854679901
"FRB03",0.939236866321366,0.119986079609493,75.2708486492142
"FRB04",0.888206530874122,0.184621444331081,206.351502867671
"FRB05",0.57877361939502,0.316980686573674,165.115571896332
"FRB06",0.748215642963932,0.497242632745689,175.93724180979
"FRC11",0.627601637567326,0.565591063115863,128.951192671079
"FRC12",0.477839484351006,0.595956396042279,69.512840459862
"FRC13",0.42764293268557,0.429759391755334,132.292437003319
"FRC14",0.884238701014524,0.792780100849934,85.4639908764853
"FRC21",0.195429372485635,0.302285662681945,219.569143240669
"FRC22",0.22885851025971,0.239240356026201,160.009139570032
"FRC23",0.555058813266635,0.279218315011099,152.677093445817
"FRC24",0.448071899371209,0.271633056425856,531.712656543621
"FRD11",0.68459222676819,0.513111153101233,226.609106173334
"FRD12",0.37768476779318,0.282347149031875,98.9388063278035
"FRD13",0.652928352848455,0.566891979250356,97.5953851803542
"FRD21",0.825456045782425,0.248093322971964,350.845021762259
"FRD22",0.854404575164399,0.55640232055392,224.601939544156
"FRE11",1,2.45767561604845,946.508744039076
"FRE12",1,2.14985355114996,464.990693372889
"FRE21",1,1.07584685926066,197.448716108381
"FRE22",0.922908513667039,0.666268031729947,475.409049576565
"FRE23",0.898667159215567,0.964425678609559,237.602718487365
"FRF11",0.123730666361483,0.168437912981231,479.889753396736
"FRF12",0.275474582511606,0.133586491151721,488.259816423493
"FRF21",0.614495147280789,0.980214812841765,159.338033624079
"FRF22",1,0.815749580078444,106.844838346523
"FRF23",1,0.676121442059028,136.711210105558
"FRF24",0.545815308685743,0.581558204174727,50.7879455551247
"FRF31",0.4554523650035,0.749136613678658,315.967210312344
"FRF32",0.622675449784001,0.93050104961461,85.470418760922
"FRF33",0.50830626560726,0.544764492182071,528.470638219264
"FRF34",0.270262709822703,0.672903118827386,155.015135398916
"FRG01",1,0.349267444665293,317.976875043911
"FRG02",1,0.20434315167374,212.135423395432
"FRG03",0.883276530954119,0.596820513584957,125.796931650224
"FRG04",0.806145645674307,0.643692700354341,161.583893566477
"FRG05",1,1.61997794016578,151.947962082883
"FRH01",1,0.271159297652127,116.436199287654
"FRH02",1,0.274126706321016,153.694510303285
"FRH03",1,0.322974647409585,228.101074438107
"FRH04",1,0.233432442954925,161.490356387097
"FRI11",0.693594658484468,0.461056804351149,84.4800845611176
"FRI12",0.200179438454072,0.377320767509694,245.589297038707
"FRI13",0.37777965395837,0.492903143204265,68.4022036294689
"FRI14",1,0.219142313124802,109.747788362819
"FRI15",0.574191538314469,0.6790801075237,148.700858132688
"FRI21",0.23551387224854,0.399495926962284,73.4144154257571
"FRI22",0.398089356837427,0.169341009548177,40.1774793461274
"FRI23",0.582322557302677,0.278812191663213,126.089340260827
"FRI31",0.742793214918264,1.09483588687974,112.596467879244
"FRI32",0.762176374167678,1.7425525636636,136.826446212202
"FRI33",1,0.983376120816882,123.256091008611
"FRI34",1,0.270141052106385,113.600700715735
"FRJ11",0.22487701253901,0.886078937689759,138.508376746311
"FRJ12",0.24409031166912,0.0705721007614654,282.23570397715
"FRJ13",0.0981057002062347,0.373006037682438,256.665992399359
"FRJ14",0.128644602492892,0.156250368904807,29.0326528345396
"FRJ15",0.0446961107475946,0.851720161190446,183.391846830472
"FRJ21",0.301429075825232,1.0477857962339,72.9159060408089
"FRJ22",0.695388434438164,0.250891431071009,55.8450376832503
"FRJ23",0.737652579799916,0.906934513430613,277.496234153149
"FRJ24",1,0.564669331347142,128.885278038197
"FRJ25",0.556531330951286,0.265179657106723,74.224746759922
"FRJ26",0.438305881824444,0.784186589682026,117.619780443748
"FRJ27",0.617562632885023,0.616285213942945,140.970198995406
"FRJ28",1,0.408985002987065,304.083469331193
"FRK11",0.707692964530334,0.432980582560559,91.108533180977
"FRK12",0.291715010705568,0.328777959251858,51.8437843037505
"FRK13",0.166402617821577,0.547774827281648,172.739599738956
"FRK14",0.364167364258424,0.46241875253386,171.076736054545
"FRK21",0.360563986153069,0.210527782977379,375.919622035928
"FRK22",0.230319213826759,0.125876640044623,200.747839902084
"FRK23",0.477388297152762,0.110608908627887,149.753537759292
"FRK24",0.42226924348484,0.160042725928275,339.299650135403
"FRK25",0.399527136513879,0.456752317671983,273.56733411225
"FRK26",0.300448613900992,0.241919387889345,1130.99654208766
"FRK27",0.0761339430236767,0.24320861636246,145.939911807701
"FRK28",0.254584561141362,0.171881423971266,381.512122333107
"FRL01",0.453963202394192,0.53067929973974,63.3757026596279
"FRL02",0.262621355829409,0.325120665590009,37.3207231190199
"FRL03",0.0811645746806484,1.13123044791532,410.500243652872
"FRL04",0.338909224771922,0.662407698196755,543.962458029188
"FRL05",0.248415719078963,1.0950418190047,282.470355072934
"FRL06",0.441048006130548,0.166906572657143,290.756555650199
"FRM01",0.0449441910688228,0.172077612310265,33.0219875151555
"FRM02",0.072843933488341,0.172077598694134,34.9875951206187
"HR021",0.800163013730253,0.0419428921745886,55.1203225253316
"HR022",0.766263394094236,0.0211289973972819,43.0660266565906
"HR023",0.602329660164018,0.0524437519167463,59.708216361809
"HR024",0.70246772379454,0.0491619989108754,71.2783974741802
"HR025",1,0.0116863636390752,70.8665952292083
"HR026",0.862745788874932,0.0179077906840486,88.7709670626372
"HR027",0.532164793795421,0.0737466128817475,56.708078802194
"HR028",0.504824530503648,0.071604820568034,57.1659442043834
"HR031",0.181517459831537,0.0735914694049205,49.9855607617075
"HR032",0.324424300557384,0.0769746368295681,26.2316680747941
"HR033",0.456446822114919,0.0739632084900587,55.629528213624
"HR034",0.601075987977822,0.0735946352176994,67.7364589731663
"HR035",0.580592752042292,0.0629366198728725,73.1953648302192
"HR036",0.907781780167781,0.0725084083445006,79.5117607531132
"HR037",0.288376107876687,0.0515270492523279,67.9795926770245
"HR050",0.656606090008322,0.111712170959583,139.228393731659
"HR061",0.932461123258734,0.0701065795762207,251.234643919247
"HR062",0.91411950754739,0.0372050869712162,320.074885494268
"HR063",0.825203250454624,0.0293179211646129,118.080952353364
"HR064",0.92258064509827,0.116656410476793,477.746449992222
"HR065",0.652872016877845,0.093098156523682,117.187266719563
"HU110",0.414869228179062,0.025480264832644,1215.89005897428
"HU120",1,0.0856325451912021,521.178867354672
"HU211",1,0.0223717454321951,187.555261851549
"HU212",1,0.0125931908800958,253.460140875324
"HU213",0.74374659536814,0.0194730497035952,92.4784299232206
"HU221",1,0.0172100674125093,137.56431455303
"HU222",1,0.0246783115442488,123.657724018863
"HU223",0.962953752202649,0.0482240534676543,100.345882339378
"HU231",1,0.228929131757319,112.530618444888
"HU232",1,0.0624487575402838,69.0075065352652
"HU233",1,0.0203223007185457,127.810982530428
"HU311",1,0.230205256041763,127.640762903703
"HU312",1,0.105204983505149,108.314083276388
"HU313",1,0.0855998531682678,406.384727172516
"HU321",1,0.121085118134229,110.923334240976
"HU322",1,0.105582537499889,81.7696671412361
"HU323",1,0.0710812700263907,110.851393006417
"HU331",1,0.152482000066114,129.466814750214
"HU332",1,0.14582483283312,69.9295856070444
"HU333",1,0.0611048796433665,109.654230899958
"IE041",0.0640829647646638,0.0634957456754256,76.828216040299
"IE042",0.0125599989200619,0.0287416587672589,60.2843053166144
"IE051",0.0512715952590764,0.0277587050605549,115.110141988915
"IE052",0.289053144982785,0.0945693800506018,112.660467678165
"IE053",0.0644549755259918,0.0151313735258626,93.5568520496168
"IE061",0.408608610879012,0.138735536676139,2191.81558978072
"IE062",0.259470232863232,0.133965643394156,454.955573492561
"IE063",0.0826957028045913,0.0828712011294686,104.601396172537
"ITC11",0.429513917697982,0.601634859384325,475.340613789996
"ITC12",0.55085727559667,0.551758633689079,306.405821262876
"ITC13",0.486649199854035,0.608438023813641,277.211647542025
"ITC14",0.0552835812776704,0.163096462233603,273.06787183235
"ITC15",0.623743566422383,0.244076867969128,739.131161270579
"ITC16",0.537058293469437,0.695015716950251,141.095598819739
"ITC17",0.603112886591903,0.659022378023232,386.039672239076
"ITC18",0.496295306867592,0.411785549575506,221.712134052106
"ITC20",0.0141987364113645,0.537530941908779,48.9544844245005
"ITC31",0.0768212852939968,1.11756986802644,151.381278870981
"ITC32",0.0806557683637218,0.915199688777779,278.590427864776
"ITC33",0.0452201791205675,0.554788115075721,299.581230518197
"ITC34",0.0507985976915532,1.00972944253429,272.0689731303
"ITC41",0.259436036457591,0.154971156814455,1604.43431546688
"ITC42",0.231902575141014,0.175289266467235,1833.21904017527
"ITC43",0.243956565283438,0.15280696580697,2111.11488754744
"ITC44",0.0346651329503701,0.208074570624463,50.5098605985048
"ITC46",0.186498481490847,0.408844973384175,820.576117243471
"ITC47",0.182165267945416,0.784457081557178,328.428762567309
"ITC48",0.905308065938914,0.192392497428833,830.23065749384
"ITC49",0.454394893376277,0.209002290385557,1316.33726471445
"ITC4A",0.270927572936206,0.507094663566937,531.708555495675
"ITC4B",0.539009773987115,0.355579097508224,526.269886797017
"ITC4C",0.274378569206168,0.205450527035753,2150.89750457823
"ITC4D",0.277895246465459,0.223834452218888,4857.42980600462
"ITF11",0.272330701244877,2.04822259930997,104.625006694732
"ITF12",0.501187522067903,3.02338301547182,245.418526927945
"ITF13",0.414939753946364,2.00505890239009,274.113375651704
"ITF14",0.221047525224727,1.78193614553273,251.600222732102
"ITF21",0.362070788954831,1.84575765773054,177.58127236829
"ITF22",0.618909061717836,1.8451851518014,151.645741093535
"ITF31",0.600409762604745,2.25286076494953,736.048787609553
"ITF32",0.743398779706612,2.26854004504365,248.040284319934
"ITF33",0.0703975402430779,3.53568541005691,3104.25915328427
"ITF34",0.553550756213793,3.30541139456184,389.943791344138
"ITF35",0.316226339705776,3.52501573212794,305.876957704408
"ITF43",0.0640569538863388,4.89901963969664,286.625543204674
"ITF44",0.108127898798357,5,251.739415238832
"ITF45",0.0922676380092061,5.00000015984024,368.911263220812
"ITF46",0.309391164738583,4.35709984282316,107.332832479018
"ITF47",0.165864151860588,4.80473129692898,316.337239519674
"ITF48",0.183702694966748,4.80086195600848,310.070746706863
"ITF51",0.445322293683506,3.68961042259551,92.5286625938983
"ITF52",0.454139585459141,3.08412172958762,78.5232208339463
"ITF61",0.222897617978788,3.53568567479567,112.432736104142
"ITF62",0.573084848575925,3.53568510506742,73.7056365359916
"ITF63",0.223748063491989,3.53568496599411,176.440086115478
"ITF64",0.35437799901609,3.53568526772847,179.08527824871
"ITF65",0.156669852061274,3.53568521707654,204.057119624711
"ITG11",0.293929082057918,2.56536781011908,204.086655679436
"ITG12",0.847972961684251,2.349237747633,198.052485865896
"ITG13",0.245838537080676,2.34923773732584,232.307299645511
"ITG14",0.897595700333495,2.34668262950064,178.730094406562
"ITG15",1,2.34923764489955,176.268105840404
"ITG16",1,2.34923796347861,142.916698305615
"ITG17",0.520019895454567,2.3492375894776,262.431095216106
"ITG18",1,2.34923733683015,199.798694489212
"ITG19",0.590143791986982,2.34923764313128,250.752212029236
"ITG2D",0.704833411780295,1.34724550561971,53.8667161807737
"ITG2E",0.503377438215384,1.34724562967948,36.9749053074187
"ITG2F",0.208289447843453,1.34724567835312,343.79709803986
"ITG2G",0.840146438322097,1.34724564743058,72.4089517531576
"ITG2H",0.576016090498332,1.34724565160443,104.655164736019
"ITH10",0.0240508113877066,0.19793708226921,67.5000800008883
"ITH20",0.0822098995045782,0.355156269405292,141.443449563965
"ITH31",0.424618928918301,0.131161299917684,357.03356060736
"ITH32",0.298025799542733,0.456700799368904,454.883210386504
"ITH33",0.0795709504338932,0.365576298163008,104.505418097973
"ITH34",0.688634306654083,0.362793545093345,592.373462072206
"ITH35",0.754654257584905,0.502638729977117,614.123054035374
"ITH36",0.516745547853511,0.439601191544363,680.079105979902
"ITH37",0.699852024374637,1.29804621286267,489.218117367108
"ITH41",0.556793755201219,0.350307791838767,178.965885504424
"ITH42",0.344506392339367,0.704072523766013,159.880905661618
"ITH43",0.765798661167932,1.60041925001211,581.249410179266
"ITH44",0.375632256696629,0.0725084027511737,1105.49453533919
"ITH51",0.599762883312682,0.208482765750032,236.587179374175
"ITH52",0.442996831725972,0.164658919723886,240.986328998765
"ITH53",0.507663356649186,0.115067707610085,476.175062097839
"ITH54",0.623689936459391,0.4187001613883,403.863672244418
"ITH55",0.50400652934041,4.22701559247162,320.779439594057
"ITH56",0.515690388941635,3.89899234388533,243.27150279366
"ITH57",0.766702140726658,4.01719581837736,312.857933961669
"ITH58",0.552358294619818,2.99664260321533,283.075187775051
"ITH59",0.533142585327358,3.05224458714501,290.288077239694
"ITI11",0.0876560926548367,0.923798380174843,245.713831397667
"ITI12",0.248597069420171,1.25269116786779,353.289903303986
"ITI13",0.330062196114926,2.86241046492434,521.3683475428
"ITI14",0.320608856396268,2.82425745307054,602.275086350301
"ITI15",0.197543923572856,3.2216783365092,1357.30052725889
"ITI16",0.206520377007833,3.82790291807788,163.88512636127
"ITI17",0.56527562383385,2.92543115927771,332.6629202966
"ITI18",0.491770967557521,2.54538625048097,171.166173202249
"ITI19",0.752888462225607,3.03128891622376,179.174130862028
"ITI1A",0.642288821723686,3.76367118220898,58.4323087543462
"ITI21",0.737566804433379,2.60195648081921,130.740390229403
"ITI22",0.783809299087099,2.58007636818509,178.85246360297
"ITI31",0.531613702918916,3.04366074989606,246.976600376641
"ITI32",0.796487506993061,3.02960997384469,214.338297559546
"ITI33",0.641834264140264,2.99600031873959,179.763002087959
"ITI34",0.449994020807606,3.02111904166913,225.662920048526
"ITI35",0.910858392812138,3.03232706613992,335.255524608059
"ITI41",0.903007316861638,3.16976163192964,197.468661839205
"ITI42",0.499802203614522,2.5442682988594,183.988011143863
"ITI43",0.463832633008556,3.3524158868808,819.58048117724
"ITI44",0.387985714209774,4.55575237782946,552.167693367277
"ITI45",0.594760831524379,2.59360649247375,179.134547468148
"LI000",0.239428435198597,0.114107886185892,1133.3501514341
"LT011",0.942456024632188,0.507476908830892,60.5681892501976
"LT021",0.801089000777623,0.192935616533135,31.1303799015776
"LT022",1,0.168951969941989,53.0649470406924
"LT023",1,0.162962341238729,53.2292739839838
"LT024",1,0.0642334468322212,44.5494275845763
"LT025",1,0.259924203536574,22.518476652647
"LT026",1,0.134851951281282,24.29668575442
"LT027",0.882386867821149,0.0423799353233298,17.2653328047075
"LT028",0.995218307169796,0.0888761972981894,12.9224765035329
"LT029",1,0.552622069455075,12.6438268025305
"LU000",0.46708120423826,0.66150376872918,505.1069742115
"LV003",0.594170412387282,0.147263585361559,13.178686888911
"LV005",0.654552965702274,0.0923315349638609,12.7862257314784
"LV006",0.0332868477608946,0.0309603605649722,431.870662310346
"LV007",0.534265688355971,0.105516954605521,54.8464522477848
"LV008",0.354895521128402,0.0522315480699537,10.055233518223
"LV009",0.771405841320869,0.184463287486865,39.596078501859
"ME000",0.275513850639984,0.156283461362566,47.5971002798471
"MK001",0.57076282460741,0.888312118329473,102.413825237465
"MK002",0.571494288931619,0.94488930005136,54.9590902384745
"MK003",0.233710614199633,0.588031454819591,126.257179293258
"MK004",0.575905643951145,1.10127887449804,59.366907429496
"MK005",0.693503891274941,0.819554988615378,65.4854751713454
"MK006",0.205536863075899,0.639145966256486,226.39797939587
"MK007",0.697597384033421,0.864071592952381,173.142877992795
"MK008",0.493589496181617,0.839246935021018,255.966573421383
"MT001",0.756228578777963,2.34923751738046,271.350944234031
"MT002",0,2.34923751738046,30.6783283427505
"NL111",0.554312913384697,0.199852079942909,332.873842635501
"NL112",0.939147872613322,0.186633979396274,791.169657248204
"NL113",0.462533778276975,0.186633968751811,461.034778794096
"NL124",0.178168590795043,0.161851295615284,395.6787966187
"NL125",0.0265605733502789,0.18663397734641,266.163976634395
"NL126",0.110832648351511,0.186633973009596,301.070277071837
"NL131",0.280454885110378,0.155121309472243,379.421026586985
"NL132",1,0.13132986181901,187.969911276455
"NL133",0.0657764881253824,0.112014576476259,292.601434582286
"NL211",0.052302455841006,0.109346670014689,342.590002830768
"NL212",0.00245422008783498,0.102872659642729,773.310024356274
"NL213",0.131641200341895,0.102872666406028,585.374561449196
"NL221",0.00964322443558172,0.102872668639609,756.987359045238
"NL224",0.0430749963728002,0.354435669359252,1501.36643503334
"NL225",0.281721778196172,0.102872679681236,624.060158770247
"NL226",0.0158098855836153,0.289705462697311,914.870780816111
"NL230",0.169355463092719,0.111971707143378,704.137151377651
"NL310",0.00273558710099679,0.10287266799002,2245.13258031716
"NL321",0.27024738238415,0.102872671753914,511.758227462614
"NL323",0.0371469467331902,0.102872673965476,2883.73314626571
"NL324",0.0442743238006702,0.102872676402837,7867.9015339695
"NL325",0,0.10287267538727,3779.47440297396
"NL327",0,0.10287267171886,2628.14099998953
"NL328",0.0345702130788071,0.102872666330171,1222.24157049031
"NL329",0.0022978859252415,0.102872667243541,3336.90204649907
"NL332",0.0154238391481118,0.102872667362338,3471.70447734361
"NL333",0.00642202323181802,0.102872668639609,3111.46664342776
"NL337",0.0415088379521299,0.10287267538727,4358.99833237204
"NL33A",0.0247019469269743,0.240722443723233,2487.2570874998
"NL33B",0.0140452571014611,0.102872673965476,3996.20972183817
"NL33C",0.467516635908622,0.102872677679949,1863.58986155815
"NL341",1,3.1260959241602,1504.50593570768
"NL342",1,0.283743447510139,1315.84568682079
"NL411",0.827573859456597,0.280976234754912,1743.82493990629
"NL412",0.232695939282302,0.887529571587329,1766.88305401526
"NL413",0.07769279709928,1.05713741647939,1211.72150224834
"NL414",0.158616531795361,1.24085781254915,999.919659967769
"NL421",0.236257762275022,1.04818146461245,1141.60635198802
"NL422",0.107221298763919,1.07949871356908,1160.4384250076
"NL423",0.0167966672045788,1.07949881546223,1765.80422904976
"NO020",0.098502131950209,0.0264081843403719,22.1637711719194
"NO060",0.091279187900214,0.0119633510367421,23.6180039254552
"NO071",0.0254671844199523,0.0114755547502811,7.10795157454608
"NO074",0.011731424957536,0.026646240178935,4.03277750420824
"NO081",0.0613951057562921,0.347503217508759,2005.73781451991
"NO082",0.255923902005085,0.164022640372945,186.124249647612
"NO091",0.223146412596627,0.0218463270064357,84.0751443112628
"NO092",0.061258544168983,0.0106120205738207,37.4894715900188
"NO0A1",0.150518346854367,0.00856531552814841,98.8430059131998
"NO0A2",0.0147337614458716,0.00963435210246481,37.4268521599496
"NO0A3",0.0529086172812889,0.00933369855024434,20.9540632319677
"PL213",0.442735235773619,0.321631166083967,765.05779885337
"PL214",1,0.321742462913186,340.587026568332
"PL217",1,0.321631194652677,185.524068430711
"PL218",0.749913072893825,0.323471884375191,173.498395648841
"PL219",0.504647834626522,0.316261986000003,198.542287981781
"PL21A",0.689802372762386,0.322052164358247,709.949529206853
"PL224",0.6891485407733,1.18604785355861,211.913893467825
"PL225",0.37691238232854,0.337345871935112,404.433694001259
"PL227",0.545132841900863,0.435157457114632,901.689369881906
"PL228",0.359764656349076,0.634676627066806,666.651853547355
"PL229",0.566923522403994,0.436660720002328,1385.83859665785
"PL22A",0.0976963882320008,0.35078654319962,2817.90448849092
"PL22B",0.634702192350183,0.382521577987337,968.392813714281
"PL22C",0.542008263168123,0.356415417674782,1481.27876745976
"PL411",0.875806136462086,0.413958750926293,62.769938033846
"PL414",1,1.07423576947955,118.781185441183
"PL415",0.130982768649587,0.555310103540161,952.91899165293
"PL416",1,0.771396562993998,115.233348220606
"PL417",1,0.622730680583008,148.027444903861
"PL418",1,0.589918743684742,241.690847785176
"PL424",0.0842594185364864,0.0795527053415268,605.019119952626
"PL426",0.792434969460249,0.249797449984741,69.9062411111659
"PL427",0.780772454806984,0.189800098913811,65.2884076915975
"PL428",0.866372306562391,0.136258923000721,102.277096276788
"PL431",0.563782688464309,0.218392590961639,70.2845950529844
"PL432",0.529988055625764,0.198157819067686,98.9321356250172
"PL514",0.197247080044548,0.123957226119447,781.113360275229
"PL515",0.617971075017415,0.184333377353144,175.92398675151
"PL516",1,0.0989801448844073,190.783074176125
"PL517",0.752526543854105,0.15586051844728,193.44724827498
"PL518",1,0.109082895383103,241.485790025461
"PL523",1,0.274702243735377,138.522011412242
"PL524",0.810652864025616,0.484880456308879,135.582222967767
"PL613",0.706078634905986,0.0853388866058164,272.01226684688
"PL616",1,0.0698160279533981,174.37782148202
"PL617",1,0.327231950832823,130.300423209649
"PL618",0.879181514330755,0.0882689518807144,160.979560568225
"PL619",1,0.114295111742227,130.202576011755
"PL621",1,0.163740045873382,73.4172204042578
"PL622",0.828242172019394,0.167787367100649,61.081655505589
"PL623",0.943743359841582,0.196126694542456,49.8301415862697
"PL633",0.358556711186472,0.237198509031791,878.265020022586
"PL634",0.931942048692101,0.215732338511759,261.573726776616
"PL636",0.693351760002919,0.221047416585385,58.57166560032
"PL637",0.69761753307681,0.11099890424163,71.6091931517576
"PL638",1,0.0959195760683424,168.415259367945
"PL711",0.336720118991566,0.986299512644902,819.466820198862
"PL712",0.995258934702379,0.709929609300749,642.71053390063
"PL713",0.895568011485652,0.762272884438676,171.216717419316
"PL714",1,1.31536055052781,182.064953346789
"PL715",1,0.213458484962127,149.26083138846
"PL721",0.69268469876643,0.240170492822758,171.642103162223
"PL722",1,0.290339127851684,160.510452419418
"PL811",1,0.108164768844387,52.4686957277838
"PL812",1,0.131480395002599,72.8775329303356
"PL814",1,0.0576739899075527,216.444199489155
"PL815",1,0.0549706351714525,101.301127818791
"PL821",0.561176105112715,0.321848798146201,84.8597595327511
"PL822",0.915152852754041,0.244181274005962,91.9697897372818
"PL823",0.83735195811971,0.378001810033637,162.689027037759
"PL824",0.846808485783794,0.244630484999931,188.644710994829
"PL841",0.970832158843298,0.256029425931797,121.983658543428
"PL842",1,0.190595581947266,51.4959036360592
"PL843",0.990992056170666,0.214442262931423,56.5634322488007
"PL911",0.199929933315922,0.0286795722019985,1851.40042267466
"PL912",0.64796109716374,0.0643189110045307,647.150351332872
"PL913",0.785496548103514,0.055876633595458,751.621604362606
"PL921",1,0.0856096952701685,150.148738373909
"PL922",1,0.446263201360637,80.583424286143
"PL923",1,0.116011082150483,124.265047452073
"PL924",0.955604949429609,0.216235650324515,68.2499697652501
"PL925",1,0.213797529027863,75.811083155749
"PL926",0.725268918978593,0.0775717521591022,138.244166365872
"PT111",0.154288201041141,0.720473775538055,273.912543216514
"PT112",0.213737832122675,0.764709654654554,564.26147685927
"PT119",0.239555618440232,0.717973869066515,614.090561202173
"PT11A",0.163768499861534,0.888242343083546,936.345024899254
"PT11B",0.118592500676935,0.603054492632522,79.4507649402948
"PT11C",0.330342439236117,0.559301579460199,663.229564609461
"PT11D",0.0789672930878215,0.465405558842893,82.7829556739064
"PT11E",0.258065921780961,0.463840097097847,36.4657282205707
"PT150",0.123516579893805,2.19091924100284,100.867281167678
"PT16B",0.456937192948162,1.15347199001128,325.287027058121
"PT16D",0.132206520959825,1.42383660787086,305.443607407753
"PT16E",0.120189768271594,1.34534083383248,157.441509774924
"PT16F",0.167562172115139,1.13161753190529,220.062118846505
"PT16G",0.178946703859225,1.30660976426066,173.445963238591
"PT16H",0.300730753442294,0.215471952929484,43.2069899199938
"PT16I",0.221474806190946,0.445660248454617,119.76649616951
"PT16J",0.235045009870489,0.836326984003275,57.5214197179556
"PT170",0.450882170494514,1.74945338221643,1205.78973440365
"PT181",0.277163310987954,2.49645693736684,33.2351084436518
"PT184",0.682921745033676,1.62262370462116,27.4614118187582
"PT185",0.60775262361941,0.853910928907576,143.929695656326
"PT186",0.647893461915184,1.50895706923296,41.0914429241013
"PT187",0.79962208373666,1.58003401580738,47.8948373551494
"RO111",0.89821489122212,0.13014805869997,42.2992374707149
"RO112",0.488341190782786,0.229068405622542,30.6172856855235
"RO113",0.575713636635163,0.171545253126822,73.5818375891151
"RO114",0.418686723223037,0.207993047016301,37.3369496392365
"RO115",1,0.0970109004061035,52.1134965043998
"RO116",0.926008137244511,0.11555440788487,30.5902052795401
"RO121",0.50299696116338,0.305458938589484,34.3854085663666
"RO122",0.0972221204457269,0.523723433820156,68.6029733354587
"RO123",0.113771856875095,0.600358758401228,68.3101804587047
"RO124",0.26533963279149,0.557787297588283,22.5889072259658
"RO125",0.413323804558597,0.667075885824953,54.3479274416091
"RO126",0.208657600370164,0.641595519890279,56.3762268965738
"RO211",0.691832148597376,0.104197003092328,71.0033098104348
"RO212",1,0.404583057817017,60.7998354031532
"RO213",1,0.333595991683173,81.2357740087047
"RO214",0.589891127234194,0.180353683919841,73.8768751100839
"RO215",0.287640657563591,0.222497121285469,45.8367458253181
"RO216",1,0.245988742084431,41.8181029009885
"RO221",1,0.230507303343785,69.334573523873
"RO222",0.916155233129348,0.482909605816266,43.4523415240875
"RO223",1,0.0531447342668338,39.4299060087509
"RO224",1,0.315569389361687,58.5430871958652
"RO225",0.661943837474171,0.0329565511774639,32.5509919088903
"RO226",0.687478985685941,0.241578736603235,55.3922362492531
"RO311",0.467249519135795,0.834854799702946,59.2889823818721
"RO312",1,0.207637240507919,194.515604618851
"RO313",0.825881766212924,0.678504006032445,84.735412151851
"RO314",1,0.810386635061934,378.199552774356
"RO315",1,0.0523509805617322,46.7505493934721
"RO316",0.600640763502006,0.106219611925733,106.218666774113
"RO317",1,0.302044856882185,45.2303485081224
"RO321",0.364433994513673,1.12218819448573,1483.80853852014
"RO322",1,0.677641222530839,710.666457136973
"RO411",1,0.137725344435727,63.9662898451597
"RO412",0.492385451897671,0.367994381766103,36.1553211163536
"RO413",0.951204105913787,0.122436068138371,50.9333821346075
"RO414",1,0.253885489575399,47.8797839178095
"RO415",0.392130218190014,0.523439045562095,42.2222198453338
"RO421",0.978510128345292,0.133408437528856,38.1007863470864
"RO422",0.360337580722328,0.0166266087063027,28.7715451423648
"RO423",0.313219369126333,0.168597986481268,42.2925873658836
"RO424",1,0.051937395077088,79.2053367479697
"RS110",1,0.575892861634492,150.694028367081
"RS121",1,0.0272736850760453,99.8193483610141
"RS122",1,0.0107652213919511,100.098287142286
"RS123",1,0.0373598925312564,122.643975739915
"RS124",1,0.0787910203845668,129.570038344058
"RS125",1,0.0751643317195375,106.456160273277
"RS126",1,0.0498515021270061,105.848010034565
"RS127",1,0.0144440424096512,125.067123110396
"RS211",0.526311952147696,0.716084506813135,99.9900637445286
"RS212",1,0.0667137965294303,131.662617378216
"RS213",0.992548204806851,0.02151128430231,109.161164501425
"RS214",0.732390903789318,1.00394033759509,132.636804132076
"RS215",0.869174180277181,0.269696337495333,134.519051657924
"RS216",0.860903080582829,0.31331228008758,152.665544405423
"RS217",0.508353214629648,0.425630522583469,147.375137689794
"RS218",1,1.49518734192704,140.76358777164
"RS221",0.754084187551039,0.228161079760226,100.086197473467
"RS222",0.847074287201874,0.0304754627027473,99.3004228717838
"RS223",0.764628024228243,0.740992949952169,117.684917298038
"RS224",0.590123347153312,1.22410472868305,149.576764962901
"RS225",1,1.0214095888657,142.051984564055
"RS226",0.505228977573655,1.09439436856563,93.616345363982
"RS227",1,1.29232487951675,134.663381816165
"RS228",0.254994749785932,1.14759895828134,132.627480756557
"RS229",0.647615889644993,1.08236945149925,155.574412772783
"SE110",0.456001192832816,0.397032711009819,753.954758363188
"SE121",0.725886557563757,0.113454813103355,101.38704997695
"SE122",0.741233201857378,0.731043926560366,97.1222417894514
"SE123",0.587886909142101,0.423954047853725,73.5174182078879
"SE124",0.400890608636894,0.240251417586029,67.6713859424865
"SE125",0.674085257401403,0.190875832907184,108.009559977237
"SE211",0.265744248890638,0.145406217301692,57.5909248409626
"SE212",0.173047266210274,0.162226299021845,49.849661111273
"SE213",0.382707985572592,0.26685932174069,41.1275517399969
"SE214",0.916265057431411,0.634096982585501,19.7668192079433
"SE221",0.226246015807475,0.270070948574662,103.84925801268
"SE224",0.955217079166824,0.161135763307001,282.680105661008
"SE231",0.487153172883685,0.0682135829871629,131.216989822041
"SE232",0.600346328360311,0.0688560084982969,130.439363806257
"SE311",0.175797505261935,0.00794168105520041,27.5838205203115
"SE312",0.0760545647501941,0.104305374733061,19.8383651043653
"SE313",0.13032440268926,0.20532979561947,28.9735554356806
"SE321",0.0778164418049137,0.0470446627813123,19.0915240824572
"SE322",0.0269751292257742,0.0318069875183218,4.78821942772095
"SE331",0.0332738041023859,0.0457173748185062,8.43905318057734
"SE332",0.0135635943544944,0.0179536620799209,4.20276650159684
"SI031",0.985785779616033,0.085187698511202,242.9672065303
"SI032",0.84820268913952,0.0372904124868535,405.281933979329
"SI033",0.146481604068834,0.043879626610041,213.841739620035
"SI034",0.567966703057216,0.117210949165203,418.689331043858
"SI035",0.429403554730146,0.143840764828988,477.908568587016
"SI036",1,0.14384075845212,296.366407445682
"SI037",0.497735188479227,0.119723855043139,95.0884032380496
"SI038",0.549430094136922,0.116432953841617,73.9757927887632
"SI041",0.729354774745745,0.142615894894206,235.061072591207
"SI042",0.25770026544402,0.128475606974339,282.784945588539
"SI043",0.433204907375702,0.119012661038104,211.365042243842
"SI044",0.874974607694468,0.0866279529055587,449.981701883152
"SK010",0.51609649277935,0.318477350645829,572.450963983709
"SK021",1,0.288219304454119,286.441516358537
"SK022",0.469757306313309,0.302040763661431,204.954464957436
"SK023",1,0.169571265707562,195.799358367497
"SK031",0.189325417788405,0.278115768026927,172.771239936356
"SK032",0.538689619000196,0.163848807670543,98.7281169722806
"SK041",0.483016603221642,0.361703034231465,137.374371381024
"SK042",0.770583169673118,0.37324277321567,194.891284921531
"TR100",0.286484616188852,1.8781937987173,1890.2842882405
"TR211",1,1.60895116049623,230.51782286921
"TR212",1,0.760118734870714,82.2370974834293
"TR213",0.723378383695766,0.480325832506182,82.5180984639834
"TR221",0.43804924091541,1.49515552402415,124.455693244277
"TR222",0.481321162216255,2.42913971457884,60.6827004787219
"TR310",0.330440054694808,3.15639617031271,291.26331548876
"TR321",0.35779366642309,2.77844717289252,157.049698662873
"TR322",0.484385072702752,2.57458096273311,100.944885306482
"TR323",0.144441803223157,1.58592543775873,67.2912525216003
"TR331",0.564145191447851,3.92181504239053,174.768188143858
"TR332",0.791113020872274,2.46925861327949,75.2085928284514
"TR333",0.503853808629157,2.40801967375637,93.0703454548926
"TR334",0.626566578544182,3.28655520620816,105.129547361174
"TR411",0.351569972201091,1.10078928974736,233.827876888039
"TR412",0.817837056819826,2.39480828305106,82.1317418291739
"TR413",0.360862384804657,1.35337757740481,118.899559052081
"TR421",0.415752465099447,0.749954407922167,602.366165660793
"TR422",0.266086033200045,0.349287208800233,228.036320728168
"TR423",0.0814768544417426,0.295039413321541,127.451491134474
"TR424",0.208988575204281,0.271678005665902,114.028609425924
"TR425",0.150690917430456,1.12617730721534,968.364737720739
"TR510",0.812689820725895,1.56963787749167,177.097678207693
"TR521",0.905086607303585,2.65332690127265,72.3272557267641
"TR522",0.797939030401892,2.47719124089391,70.9070003406037
"TR611",0.340413595928041,1.27216726020102,70.9640345282767
"TR612",0.40320991452362,1.73314211863261,72.3602627419444
"TR613",0.482994832755878,1.92615041229142,73.2974960731415
"TR621",0.486819587522457,1.71071320349727,132.564945198217
"TR622",0.47186966402717,1.3301875758327,107.486197289857
"TR631",0.503221826828246,2.7098681469465,295.907492351985
"TR632",0.640584646379443,2.19680034437197,106.19257725042
"TR633",0.621752826721754,2.27665043688442,200.729101629681
"TR711",0.96193120144833,1.1851128300927,150.210307048602
"TR712",1,3.14957770473243,82.2221856472227
"TR713",0.595137863848644,2.61125179041036,86.0224009872724
"TR714",1,1.64261136819698,89.0363257531275
"TR715",1,1.25771361918875,81.524975935026
"TR721",0.761209479107218,1.63841220164836,82.2390850884029
"TR722",0.484827200825697,0.918205941824362,48.0604958753381
"TR723",0.88058799934601,1.17495584731112,70.2947464751912
"TR811",0.216978099347313,0.294679054204482,166.506463017381
"TR812",0.164764353518804,0.29467905267408,117.029976216038
"TR813",0.327376367050842,0.294679041360423,97.9340058221988
"TR821",0.188566492075355,0.423898184840469,37.742321220678
"TR822",0.450489569103844,0.351114807657287,74.1055341175823
"TR823",0.264428659228891,0.363024177646078,50.853075229238
"TR831",0.603619721214968,0.540947691303718,120.35870054063
"TR832",0.494229638157545,0.424234410364292,107.192239394649
"TR833",0.716953089688069,0.631127356717823,64.9852870967678
"TR834",0.619612539452218,0.461884811223314,106.396677223189
"TR901",0.103180804152356,0.0827046811816015,155.383624111953
"TR902",0.111410381251956,0.0802226217897603,142.925972082125
"TR903",0.078544810607428,0.138577246305509,79.1933763289751
"TR904",0.0325986337219016,0.0819298743510423,59.6302334008588
"TR905",0.0914812386340696,0.0933112276296254,23.1372173367326
"TR906",0.100749348204241,0.297942628292357,75.8598280922008
"TRA11",0.498945867052918,0.246840020710475,44.8783959651882
"TRA12",0.2928998834646,0.106864951663138,35.053949035127
"TRA13",0.417507745398396,0.143297472017216,57.1664783168306
"TRA21",0.7761033157993,0.923494890255228,63.8785455850266
"TRA22",0.561682521301469,0.311926070541312,43.0687265009827
"TRA23",0.348665120891148,0.828482027548795,80.1054857371491
"TRA24",0.43349675484095,0.211721178572077,34.1124855030907
"TRB11",0.620642351382114,0.822500955192237,87.9740011379387
"TRB12",0.603716046292121,0.390488299634804,77.8682222622813
"TRB13",0.636539289039994,0.522823194663206,51.3990922724712
"TRB14",0.679092305383574,0.164420366534785,33.9518728000706
"TRB21",0.509723131409034,1.94914697648747,48.9818238966043
"TRB22",1,0.777265395462098,73.4780001564357
"TRB23",0.6698859563885,1.32406160888777,52.7983485149586
"TRB24",0.700426203230412,2.60181353607205,71.7397191844343
"TRC11",0.613513203948528,1.25111354835092,222.976767141737
"TRC12",0.946883740203087,0.426962673283423,115.894252772557
"TRC13",0.760214492020045,3.56977333309136,314.158546027663
"TRC21",1,2.4442839375931,116.933394059889
"TRC22",1,1.06041660349623,110.737454853322
"TRC31",1,0.268100078744153,136.786329655803
"TRC32",1,1.14459872651985,129.511820062866
"TRC33",0.95080054102065,0.372414978274177,107.332952942439
"TRC34",0.992560198686229,1.20955417132934,71.3806355480837
"UKC11",0.470642846145091,0.0889885402907565,2799.20229054404
"UKC12",0.194857215123876,0.088988535035192,1987.34785133379
"UKC13",1,0.088988542260656,2666.58185121515
"UKC14",0.224387856669233,0.0917489948493138,1004.64676426834
"UKC21",0.353873980490565,0.0849489527425169,279.566416830494
"UKC22",0.0978635248660612,0.0889885402907565,1624.30820337536
"UKC23",0.0280247060953301,0.0889885456779914,3537.39422420822
"UKD11",0.0955543787943974,0.0986415142327482,111.151925926974
"UKD12",0.0440832386311307,0.0958107199211051,78.8690007946743
"UKD33",0,0.30672061538643,6771.0840190264
"UKD34",0.1744716520163,0.306720645173263,4891.10782422985
"UKD35",0,0.306720655598654,4282.2380267697
"UKD36",0.075844869657191,0.280392332381486,3373.13421374262
"UKD37",0,0.294352564344761,4355.81787411751
"UKD41",0.0290040771439847,0.243686978933832,4848.98137814352
"UKD42",0,0.0986415105089706,3892.02310518644
"UKD44",0.0448221648257499,0.0986415131863881,1047.08455874139
"UKD45",0.0248638717929784,0.0986415088888033,2374.42516461406
"UKD46",0,0.240640942950115,4035.75305357539
"UKD47",0.820490268363137,0.135188628607883,2341.36249253274
"UKD61",0.23738655306791,0.29534250959951,5525.01714240451
"UKD62",0.126409556413936,0.233047602396015,3373.67148943621
"UKD63",0.197634646085716,0.115727370223048,2723.96788058098
"UKD71",0.201828364016526,0.255755385423283,4656.25898682807
"UKD72",0.0207434678793963,0.189386455524837,5957.96736658853
"UKD73",0.732363564073277,0.0986415131863881,3718.49566994115
"UKD74",0.0752628940217602,0.087448705610172,2504.47029823224
"UKE11",0,0.152823468655836,2051.88610501074
"UKE12",1,0.127400200822044,518.314268732996
"UKE13",0.912564732011861,0.235547858989784,672.104163518776
"UKE21",0.364481724077196,0.160906604106356,1442.38009859325
"UKE22",0.581058938673262,0.143648753343677,502.019034198456
"UKE31",0.286933359462052,0.212774479324305,2073.90670788786
"UKE32",0.0488671392002327,0.219976390312809,2261.94507173337
"UKE41",0,0.160906602375375,4043.87608739516
"UKE42",0.226189351101516,0.160906650166721,3481.47120661576
"UKE44",0.0184410651033079,0.199493598649303,3137.03329466455
"UKE45",0.140951413647033,0.175474764054206,3024.8063739776
"UKF11",0.0514188644657995,0.219976366569784,7038.18122786858
"UKF12",0.23973863803994,0.219976369525211,2213.0344786385
"UKF13",0.156643165996232,0.236531058248306,1661.09063566395
"UKF14",0.0643081997693475,0.219976366569784,8906.36814631827
"UKF15",0.926504501342135,0.222720526981174,1312.20091054289
"UKF16",0.633288393053292,0.221113579579436,2990.8122518939
"UKF21",0.028031425865117,0.219976380626319,9746.57407633232
"UKF22",0.750375149694172,0.231629316444395,1372.3680606815
"UKF24",0.743520871276807,0.463853802350403,837.956675906125
"UKF25",0.880540925013924,0.288138643157897,804.19293698328
"UKF30",1,0.275064627445432,215.264993290916
"UKG11",0.942633803103684,0.143031687194809,345.695623175671
"UKG12",0.662635976063334,0.223251374636885,1358.69201794137
"UKG13",0.793456381561032,0.365468369284286,1941.18967202908
"UKG21",0.664229440794431,0.224599028008757,1530.27883292376
"UKG22",0.729182407384296,0.21291686946094,448.089888968816
"UKG23",0,0.210639516499625,5464.74055900527
"UKG24",0.322592561672414,0.214806367755808,1835.57423483643
"UKG31",0.00398265233907451,0.220594935955366,3473.96607774005
"UKG32",0.166531132061795,0.22020272113509,4840.56078736147
"UKG33",0.0379119757811247,0.223205464368074,4738.39196069374
"UKG36",0.00970639383141876,0.223205464368074,2863.77534599621
"UKG37",0,0.220594925155441,3409.00450523964
"UKG38",0,0.219976366569784,3758.5049205323
"UKG39",0,0.220846037936717,6342.5000941481
"UKH11",0.952415398931335,0.284172136104259,531.743884511046
"UKH12",1,0.301945866322847,319.155636569602
"UKH14",1,0.271786577647196,268.239838495083
"UKH15",0.872195606296787,0.256332342525285,451.696877269944
"UKH16",1,0.27510222354449,243.974405636739
"UKH17",1,0.278230703459295,262.289385812621
"UKH21",0.0800571899688425,0.786390115226319,29619.7793019447
"UKH23",0.796864525550899,0.942068542228029,5332.6841743713
"UKH24",1,0.304899550946655,916.621358985119
"UKH25",0.646667465496883,0.492352577818311,3382.15675120991
"UKH31",0,0.256332333486834,2588.09256502047
"UKH32",0.292494646770749,0.820076024017062,5114.3482545785
"UKH34",1,0.25633234460265,759.280688007829
"UKH35",1,0.777929354557129,3183.01370917289
"UKH36",1,0.535202591652834,2203.80316455441
"UKH37",0.243064139119605,0.376266668594985,2568.21352372222
"UKI31",0,0.994140349644511,34129.2780879075
"UKI32",0,0.994140264264269,47164.3907288983
"UKI33",0,0.994140213036127,43996.663040088
"UKI34",0,0.994140349644511,17855.0982948767
"UKI41",0,0.994140264264269,15506.4889383847
"UKI42",0,0.994140264264269,26871.6507406815
"UKI43",0,0.994140213036127,27820.6753018008
"UKI44",0,0.994140213036127,20778.2412863338
"UKI45",0,0.994140264264269,35142.2483365908
"UKI51",0,0.994140349453548,6934.49054045516
"UKI52",0.077394880264739,0.994140264264269,5537.64282012585
"UKI53",0.0111533029235484,0.994140235581396,10674.5787642195
"UKI54",0.0688484395125633,0.994140235581396,22925.4597644492
"UKI61",0.0331118188515154,0.966539002177349,7715.61752111902
"UKI62",0.0239770801286199,0.958075858236043,16940.4604863035
"UKI63",0,0.994140273602434,17280.3460624829
"UKI71",0,0.994140349644511,20754.613176286
"UKI72",0,0.994140213036127,37179.0298404897
"UKI73",0,0.994140264264269,20158.7325832558
"UKI74",0.0181917369031767,0.994140281072966,13426.3265266173
"UKI75",0,0.994140349310326,15526.5485406121
"UKJ11",0.562932512790756,0.982346883122195,1220.20371647159
"UKJ12",0.695486109968798,0.304087832158709,1766.53022968037
"UKJ13",0.501374152265276,0.889037135567584,1610.13135945692
"UKJ14",0.904015860955871,0.967887002544009,636.126086152375
"UKJ21",0.430711522412441,0.544109324495724,2524.5670939868
"UKJ22",0.412525741779819,0.544109368712433,1076.15060116172
"UKJ25",0.07885406678205,0.986151744844265,3726.6775684052
"UKJ26",0.143939009525429,0.905163242065954,6830.63641589167
"UKJ27",0.56273593924625,0.600467961773768,1416.55203507999
"UKJ28",0.290303780905377,0.614200153829857,3490.85085258438
"UKJ31",0,0.467322560466856,6653.53516594218
"UKJ32",0,0.467322560466856,5776.53151633468
"UKJ34",0.647061781805326,0.467322539875166,2132.54663397067
"UKJ35",0.103787378158931,0.467322523401815,2833.31640380318
"UKJ36",0.727443976474904,0.586762436955955,870.08167323602
"UKJ37",0.787543898876209,0.89026973561815,1195.05000436547
"UKJ41",0.291679030729079,0.544109324495724,2019.85703231063
"UKJ43",0.553528498846654,0.712346941237768,2328.80429942216
"UKJ44",0.842394038589769,0.544109338195512,623.581765387138
"UKJ45",0.831504999111616,0.544109254558704,1142.71506096385
"UKJ46",0.308184130645578,0.66514657817375,2397.7611259375
"UKK11",0.0791368198426759,0.10735328083347,1709.13534671192
"UKK12",0.285804052341183,0.104068629011567,764.572749616954
"UKK13",0.746542619694585,0.650085274499221,781.895841379782
"UKK14",0.790960641629159,0.967514986804708,646.516672594756
"UKK15",0.824701855969204,0.547644683008363,339.562973401579
"UKK23",0.39400274794719,0.111849904697852,393.107682794453
"UKK24",0.157902311867236,0.295280912907204,1405.7362283024
"UKK25",0.617032424355095,0.151113333042871,274.252087405334
"UKK30",0.601985032690972,0.107353287214002,173.513760545125
"UKK41",0.191812462040717,0.107353273769357,1549.39962843567
"UKK42",0.30415371062256,0.107353275747309,1038.76825853492
"UKK43",0.285355416411889,0.107353263134979,182.913912669668
"UKL11",0.0110939098984986,0.0840616114512134,82.0135815209326
"UKL12",0.0179012937301519,0.0868982311924531,42.6292920368763
"UKL13",0.0102059284251548,0.0874410586725125,279.863811815489
"UKL14",0.0417693590663036,0.0851019197234039,116.358215315997
"UKL15",0.00551444479453798,0.0840616188831773,1637.41351335202
"UKL16",0.0181898611112857,0.0840616188831773,1922.52444271425
"UKL17",0.0072072354135626,0.0840616129451868,972.061732204757
"UKL18",0.0415203511966931,0.0840616087427644,683.620039847461
"UKL21",0.140832103045805,0.0785186799384193,978.619446426965
"UKL22",0.141007610646094,0.0840616087427644,1167.54841765087
"UKL23",0.0506904297208207,0.10908761136723,1119.24759237492
"UKL24",0.0232301882168496,0.148634013975001,299.469715573455
"UKM50",0.390224220382928,0.0328053112959268,124.016134679698
"UKM61",0.0336999867960259,0.00650826311168549,7.61302804647151
"UKM62",0.0642090849993141,0.0166295400050794,28.6420238843899
"UKM63",0.00597238950817355,0.00665152970903754,13.5201383359481
"UKM64",0.0206376241272646,0.00606808299389136,3.35720733628544
"UKM65",0.0104295952902268,0.0260852970970599,8.13218803961662
"UKM66",0.00627807612434482,0.00100791507839158,8.10371831745698
"UKM71",0.466183554012583,0.0311171514602,107.381958343689
"UKM72",0.256419958633969,0.0608128083436277,626.075392744053
"UKM73",0.156535732047622,0.0590045042666804,622.799893732854
"UKM75",0.00722831162208077,0.0610427377711184,1637.14639817301
"UKM76",0.0916614915648685,0.0665539373815153,1140.56961324647
"UKM77",0.123953316461747,0.0526386463092701,167.511681667683
"UKM78",0,0.065297582445949,1291.2551217169
"UKM81",0.00422463242860656,0.0932178387919578,1643.34927382663
"UKM82",0.0118514870775062,0.103807188325492,4510.39413852181
"UKM83",0.0139768182898728,0.0963316678588308,2175.39392909068
"UKM84",0.00425260433346318,0.0940324461594537,2194.4404499217
"UKM91",0.0824704224305324,0.0521175414718404,244.398960333442
"UKM92",0.0172192850038803,0.0373898739283018,36.5585526104357
"UKM93",0.00346528823731681,0.0592669851598056,1137.59334137994
"UKM94",0.0231247973635989,0.024793538045529,343.233547163433
"UKM95",0.00563543713633544,0.0987374982180596,1358.17557133894
"UKN06",0,0.136594192941629,1680.65538720282
"UKN07",0.0193008100061407,0.129260577533001,316.332323352078
"UKN08",0.0303718628701729,0.136205406851817,255.075417281297
"UKN09",0.224809828858951,0.138735543706839,973.73658576387
"UKN0A",0.0391060071963153,0.036996143150167,142.193420104672
"UKN0B",0.00562661671732495,0.12001379460512,133.608369785425
"UKN0C",0.0238742752310542,0.115216608467311,115.637336924358
"UKN0D",0.0041250304451776,0.128611614032365,711.890578394537
"UKN0E",0.0595057409667663,0.134962030471064,757.485827839699
"UKN0F",0.00288506364957336,0.130849310829402,720.80033524689
"UKN0G",0.0318352756731929,0.060682708904228,84.8901384422224
